Cloth_Desc,Listed_Price,,,,,
Casette Linen Dress,$248.00 ,,,,,
Jaide Dress,$328.00 ,,Average of Listed_Price,Maximum Value of Listed_Price,Minimum Value of Listed_Price,Total Sum of Listed_Price
Joanne Cotton Cardigan,$128.00 ,,$202.74,"$1,150.00",$28.00,"$159,351.00"
Mason Pant,$178.00 ,,,,,
Lindy Knit Top,$68.00 ,,,,,
Frankie Silk Dress,$298.00 ,,,,,
Jacinta Linen Top,$78.00 ,,,,,
Layla Linen Skirt,$148.00 ,,,,,
Vesta Pant,$178.00 ,,,,,
Spritz Linen Top,$98.00 ,,,,,
Meadowlark Top,$148.00 ,,,,,
Ellora Top,$98.00 ,,,,,
Fantino Cashmere Collared Cardigan,$248.00 ,,,,,
Cello Knit Top,$68.00 ,,,,,
Emiliana Knit Dress,$98.00 ,,,,,
Kienna Linen Dress,$98.00 ,,,,,
Vesta Pant,$178.00 ,,,,,
Spritz Linen Top,$98.00 ,,,,,
Meadowlark Top,$148.00 ,,,,,
Ellora Top,$98.00 ,,,,,
Fantino Cashmere Collared Cardigan,$248.00 ,,,,,
Cello Knit Top,$68.00 ,,,,,
Emiliana Knit Dress,$98.00 ,,,,,
Kienna Linen Dress,$98.00 ,,,,,
Kerrigan Linen Dress,$218.00 ,,,,,
Cienna Linen Vest,$128.00 ,,,,,
Nova Tank,$38.00 ,,,,,
Jayde High Rise Denim Midi Skirt,$148.00 ,,,,,
Will Oversized Shirt,$128.00 ,,,,,
Liza Ultra High Rise Straight Cropped Jeans,$148.00 ,,,,,
Joanne Cotton Cardigan,$128.00 ,,,,,
Mason Pant,$178.00 ,,,,,
Oversized Long Sleeve Tee,$68.00 ,,,,,
Val 90s Mid Rise Straight Jeans,$148.00 ,,,,,
Frankie Silk Dress,$298.00 ,,,,,
Frankie Silk Dress Es,$298.00 ,,,,,
Lindy Knit Top,$68.00 ,,,,,
Fantino Cashmere Collared Cardigan,$248.00 ,,,,,
Cora Linen Top,$128.00 ,,,,,
Tazz Maxi Denim Skirt,$188.00 ,,,,,
Will Oversized Silk Shirt,$168.00 ,,,,,
Ethan Twill Pant,$178.00 ,,,,,
Emmett Knit Top,$88.00 ,,,,,
Cary High Rise Slouchy Wide Leg Jeans,$148.00 ,,,,,
Veda Reade Leather Jacket,$448.00 ,,,,,
Heron Cotton Sweater Dress,$228.00 ,,,,,
Jessi Linen Dress,$128.00 ,,,,,
Vesta Pant,$178.00 ,,,,,
Jacinta Linen Top,$78.00 ,,,,,
Overland Linen Jumpsuit,$248.00 ,,,,,
Jaida Linen Two Piece,$278.00 ,,,,,
Colton Sweater Tank,$88.00 ,,,,,
Jacinta Linen Top,$78.00 ,,,,,
Spritz Linen Top,$98.00 ,,,,,
Ava Linen Pant,$158.00 ,,,,,
Silk Scarf,$128.00 ,,,,,
Bea Satin Skirt,$178.00 ,,,,,
Heron Cotton Sweater Dress,$228.00 ,,,,,
Crimini Dress,$148.00 ,,,,,
Daphne Top,$168.00 ,,,,,
Colton Sweater Tank,$88.00 ,,,,,
Hester Top,$98.00 ,,,,,
Sasha Silk Jumpsuit,$328.00 ,,,,,
Cora Linen Top,$128.00 ,,,,,
Ava Linen Pant,$158.00 ,,,,,
Harlan Knit Top,$78.00 ,,,,,
Solana Satin Dress,$398.00 ,,,,,
Shayla Dress,$348.00 ,,,,,
Olivia Linen Two Piece,$248.00 ,,,,,
Wilder High Rise Wide Leg Jeans,$148.00 ,,,,,
Will Oversized Shirt,$128.00 ,,,,,
Veda Bowery Leather Blazer,$428.00 ,,,,,
Redford Cotton Open Knit Sweater,$168.00 ,,,,,
Johnny Dress,$218.00 ,,,,,
Frankie Silk Dress,$298.00 ,,,,,
Ethan Linen Pant,$178.00 ,,,,,
Eldora Knit Top,$68.00 ,,,,,
Benny Cashmere Collared Cardigan,$248.00 ,,,,,
Vesta Pant,$178.00 ,,,,,
Madalie Knit Two Piece,$148.00 ,,,,,
Hudson Ribbed Sweater Tank,$88.00 ,,,,,
Mason Pant,$178.00 ,,,,,
Deserae Dress,$298.00 ,,,,,
Luana Knit Dress,$148.00 ,,,,,
Novena Top,$128.00 ,,,,,
Cynthia High Rise Straight Jeans,$148.00 ,,,,,
Layla Silk Skirt,$178.00 ,,,,,
Maeve Knit Bodysuit,$78.00 ,,,,,
Luana Knit Dress,$148.00 ,,,,,
Kirby Dress,$218.00 ,,,,,
Julia Ribbed Sweater Tank,$98.00 ,,,,,
Mason Pant,$178.00 ,,,,,
Milo Cotton Open Knit Cardigan,$198.00 ,,,,,
Mayson Knit Dress,$128.00 ,,,,,
Alora Knit Dress,$148.00 ,,,,,
Luana Knit Dress,$148.00 ,,,,,
Casette Silk Dress,$328.00 ,,,,,
Fantino Cashmere Collared Cardigan,$248.00 ,,,,,
Londyn Dress,$218.00 ,,,,,
Khloe Linen Top,$148.00 ,,,,,
Lisola Dress,$278.00 ,,,,,
Skylar Knit Dress,$128.00 ,,,,,
Pyper Dress,$298.00 ,,,,,
Esa Silk Dress,$748.00 ,,,,,
Ossie Knit Tank,$58.00 ,,,,,
Kirby Dress,$218.00 ,,,,,
Gia Linen Skirt,$178.00 ,,,,,
Cello Knit Top,$68.00 ,,,,,
Maggi Cargo Midi Skirt,$148.00 ,,,,,
Sydney Cashmere Collared Sweater,$128.00 ,,,,,
Layla Silk Skirt,$178.00 ,,,,,
Daxton Knit Top,$58.00 ,,,,,
Provence Silk Dress Es,$278.00 ,,,,,
Tansy Top,$148.00 ,,,,,
Breanna Dress,$278.00 ,,,,,
Lindy Knit Top,$68.00 ,,,,,
Canada Goose x Reformation Lorita Puffer,"$1,150.00 ",,,,,
Eros Cotton Cable Cardigan,$228.00 ,,,,,
Beauden Dress,$148.00 ,,,,,
Aminah Dress,$328.00 ,,,,,
Emmy Silk Top,$128.00 ,,,,,
Sian Linen Top,$188.00 ,,,,,
Annabelle Silk Dress,$448.00 ,,,,,
Ronda Silk Dress,$498.00 ,,,,,
Zylah Knit Top,$88.00 ,,,,,
Ethan Linen Pant,$178.00 ,,,,,
Viviana Knit Top,$98.00 ,,,,,
Harley Top,$98.00 ,,,,,
Zylah Knit Top,$88.00 ,,,,,
Tyler Pant,$178.00 ,,,,,
Juliette Dress,$248.00 ,,,,,
Twilight Dress,$278.00 ,,,,,
Olea Dress,$278.00 ,,,,,
Noah Short Sleeve Shirt,$128.00 ,,,,,
Calix Dress,$148.00 ,,,,,
Foster Knit Two Piece,$168.00 ,,,,,
Talina Top,$148.00 ,,,,,
Redford Cotton Open Knit Sweater,$168.00 ,,,,,
Eldora Knit Top,$68.00 ,,,,,
Mayson Knit Dress,$128.00 ,,,,,
Wilder High Rise Wide Leg Cropped Jeans,$148.00 ,,,,,
Emmett Knit Top,$88.00 ,,,,,
Adel Tank,$58.00 ,,,,,
Beauden Dress,$148.00 ,,,,,
Julia Ribbed Sweater Tank,$98.00 ,,,,,
Leighton Coat,$398.00 ,,,,,
Iggy Super Wide Leg Slouch Jeans,$148.00 ,,,,,
Madalie Knit Two Piece,$148.00 ,,,,,
Emiliana Knit Dress,$98.00 ,,,,,
Madden Dress,$268.00 ,,,,,
Hudson Ribbed Sweater Tank,$88.00 ,,,,,
Julia Ribbed Sweater Tank,$98.00 ,,,,,
Rachelle Dress,$278.00 ,,,,,
Mar Linen Dress,$248.00 ,,,,,
Senna Dress,$328.00 ,,,,,
Jessi Linen Dress,$128.00 ,,,,,
Mar Linen Dress,$248.00 ,,,,,
Clara Crew Cardigan,$198.00 ,,,,,
Ingrid Dress,$378.00 ,,,,,
Inara Silk Dress,$428.00 ,,,,,
Kaelie Dress,$248.00 ,,,,,
Kaelie Dress,$248.00 ,,,,,
Braxton Handkerchief Top,$128.00 ,,,,,
Keira Silk Top,$148.00 ,,,,,
Finnley Knit Top,$88.00 ,,,,,
Alayna Linen Top,$148.00 ,,,,,
Nova Tank,$38.00 ,,,,,
Will Oversized Silk Shirt,$168.00 ,,,,,
Mar Linen Dress,$248.00 ,,,,,
Clara Crew Cardigan,$198.00 ,,,,,
London Top,$148.00 ,,,,,
Cynthia High Rise Straight Long Jeans,$148.00 ,,,,,
Bryson Dress,$228.00 ,,,,,
Lysander Dress,$298.00 ,,,,,
Prudence Knit Dress,$148.00 ,,,,,
Ethan Linen Pant,$178.00 ,,,,,
Olea Dress,$278.00 ,,,,,
Zila Dress Set,$328.00 ,,,,,
Zumi Knit Dress,$248.00 ,,,,,
Fallon Dress,$328.00 ,,,,,
Calix Dress,$148.00 ,,,,,
Hudson Ribbed Sweater Tank,$88.00 ,,,,,
Mavis Dress,$218.00 ,,,,,
Ember Top,$168.00 ,,,,,
Alayna Linen Top,$148.00 ,,,,,
Emiliana Knit Dress,$98.00 ,,,,,
Bea Skirt,$148.00 ,,,,,
Preston Linen Top,$128.00 ,,,,,
Jessi Linen Dress,$128.00 ,,,,,
Ellora Top,$98.00 ,,,,,
Ellora Top,$98.00 ,,,,,
Marco Bomber Jacket,$198.00 ,,,,,
Joelle Top,$148.00 ,,,,,
Marion Cotton Sweater Tank,$98.00 ,,,,,
Solana Satin Dress,$398.00 ,,,,,
Kinny Top,$148.00 ,,,,,
Marion Cotton Sweater Tank,$98.00 ,,,,,
Kinsley Short,$88.00 ,,,,,
Kinsley Short,$88.00 ,,,,,
Mariella Dress,$148.00 ,,,,,
Indy Skirt,$98.00 ,,,,,
Indy Skirt,$98.00 ,,,,,
Kinsley Short,$88.00 ,,,,,
Mariella Dress,$148.00 ,,,,,
Indy Skirt,$98.00 ,,,,,
Indy Skirt,$98.00 ,,,,,
Emberly Pant,$148.00 ,,,,,
Ethan Linen Pant,$178.00 ,,,,,
Olivia Linen Two Piece,$248.00 ,,,,,
Olivia Linen Two Piece,$248.00 ,,,,,
Wyn Silk Dress,$378.00 ,,,,,
Veria Silk Dress,$428.00 ,,,,,
Mateo Knit Dress,$178.00 ,,,,,
Mateo Knit Dress,$178.00 ,,,,,
Layla Linen Skirt,$148.00 ,,,,,
Deserae Dress,$298.00 ,,,,,
Abigail Linen Top,$148.00 ,,,,,
Iggy Super Wide Leg Slouch Pants,$168.00 ,,,,,
Giorgia Top,$128.00 ,,,,,
Emery Skirt,$178.00 ,,,,,
Rosalie Linen Top,$148.00 ,,,,,
Eros Cotton Cable Cardigan,$228.00 ,,,,,
Kamryn Dress,$348.00 ,,,,,
Ezra Cotton Knit Mini Dress,$248.00 ,,,,,
Casette Silk Dress,$328.00 ,,,,,
Ava Cashmere Tank And Cardi Set,$248.00 ,,,,,
Benny Cashmere Collared Cardigan,$248.00 ,,,,,
Daisy Silk Top,$148.00 ,,,,,
Billie Pleated Denim Mini Skirt,$148.00 ,,,,,
Tagliatelle Linen Dress,$248.00 ,,,,,
Casette Silk Dress,$328.00 ,,,,,
Alaina Dress,$218.00 ,,,,,
Skater Baggy High Rise Straight Jeans,$168.00 ,,,,,
Bronwen Dress,$278.00 ,,,,,
Breanna Dress,$278.00 ,,,,,
Mika Dress,$248.00 ,,,,,
London Top,$148.00 ,,,,,
Bryson Dress,$228.00 ,,,,,
Harley Top,$98.00 ,,,,,
Mason Cropped Pant,$178.00 ,,,,,
Rosalie Linen Top,$148.00 ,,,,,
Emery Skirt,$178.00 ,,,,,
Cambri Top,$148.00 ,,,,,
Calianna Dress,$248.00 ,,,,,
Marlowe Dress,$98.00 ,,,,,
Madden Tank,$38.00 ,,,,,
Lucas Silk Dress,$328.00 ,,,,,
Mara Dress,$248.00 ,,,,,
Overland Linen Top,$98.00 ,,,,,
Mason Cropped Pant,$178.00 ,,,,,
Besse Dress,$248.00 ,,,,,
Zenni Dress,$278.00 ,,,,,
Keira Silk Top,$148.00 ,,,,,
Pyper Dress,$298.00 ,,,,,
Kamryn Dress,$348.00 ,,,,,
Melody Top,$148.00 ,,,,,
Brooklyn Pant,$198.00 ,,,,,
Solay Silk Dress,$298.00 ,,,,,
Calix Dress,$148.00 ,,,,,
Woodson Dress,$298.00 ,,,,,
Cuba Top,$128.00 ,,,,,
Crimini Dress,$148.00 ,,,,,
Patagonia W'S Downdrift Jacket,$329.00 ,,,,,
Lyon Silk Dress,$328.00 ,,,,,
Lucas Pant,$178.00 ,,,,,
Millie Cashmere Off The Shoulder Cardigan,$198.00 ,,,,,
Aden Silk Dress,$348.00 ,,,,,
Brinley Dress,$248.00 ,,,,,
Pyper Dress,$298.00 ,,,,,
Constance Top,$128.00 ,,,,,
Constance Top,$128.00 ,,,,,
Londyn Dress,$218.00 ,,,,,
Lennon Top,$148.00 ,,,,,
Maeve Silk Top,$148.00 ,,,,,
Rosalie Dress,$218.00 ,,,,,
Margot Skirt,$98.00 ,,,,,
Mason Pant,$178.00 ,,,,,
Reign Top,$148.00 ,,,,,
Kourtney Dress,$248.00 ,,,,,
Juliette Dress,$248.00 ,,,,,
Ethan Cotton Sweater,$198.00 ,,,,,
Emely Knit Top,$68.00 ,,,,,
Flounce Skirt,$98.00 ,,,,,
Billie Cotton V-Neck Sweater,$198.00 ,,,,,
Peyton Dress,$218.00 ,,,,,
Lisola Dress,$278.00 ,,,,,
Shayla Dress,$348.00 ,,,,,
Veda Orchard Leather Coat,$548.00 ,,,,,
Zenni Dress Es,$278.00 ,,,,,
Blake Two Piece,$298.00 ,,,,,
Zoe Skirt,$148.00 ,,,,,
Cropped Cashmere Turtle,$168.00 ,,,,,
Jackson Pant,$198.00 ,,,,,
Alto Cotton Half Zip Sweater,$148.00 ,,,,,
Agathea Chunky Loafer,$268.00 ,,,,,
Alden Knit Dress,$128.00 ,,,,,
Casette Silk Dress,$328.00 ,,,,,
Frankie Silk Dress,$298.00 ,,,,,
Veria Silk Dress,$428.00 ,,,,,
Ottessa Dress,$248.00 ,,,,,
Lecce Dress,$428.00 ,,,,,
Frasier Dress,$248.00 ,,,,,
Sigmund Dress,$248.00 ,,,,,
Cassi Knit Dress,$148.00 ,,,,,
Elly Dress,$278.00 ,,,,,
Remy Knee Boot,$478.00 ,,,,,
Zenni Dress,$278.00 ,,,,,
Maves Satin Dress,$298.00 ,,,,,
Nila Long Denim Skirt,$168.00 ,,,,,
Barrow Silk Dress,$398.00 ,,,,,
Butterfly Dress,$328.00 ,,,,,
Overland Silk Top,$128.00 ,,,,,
Ronda Silk Dress,$748.00 ,,,,,
Layla Silk Skirt,$178.00 ,,,,,
Juliette Dress,$248.00 ,,,,,
Alden Knit Dress,$128.00 ,,,,,
Kourtney Dress,$248.00 ,,,,,
Lindy Knit Top,$68.00 ,,,,,
Petites Mason Pant,$178.00 ,,,,,
Liza Ultra High Rise Straight Jeans,$148.00 ,,,,,
Wilder High Rise Wide Leg Cropped Jeans,$148.00 ,,,,,
Twilight Dress,$278.00 ,,,,,
Provence Silk Dress,$278.00 ,,,,,
Maves Satin Dress,$298.00 ,,,,,
Sky Relaxed Silk Top,$148.00 ,,,,,
Cashmere Boyfriend Sweater,$158.00 ,,,,,
Oversized Long Sleeve Tee,$48.00 ,,,,,
Baxley Dress,$228.00 ,,,,,
Muse Tee,$38.00 ,,,,,
Mason Pant,$178.00 ,,,,,
Olina Linen Pant,$158.00 ,,,,,
Casette Silk Dress,$328.00 ,,,,,
Petites Frankie Silk Dress,$298.00 ,,,,,
Liza Ultra High Rise Straight Jeans,$148.00 ,,,,,
Twilight Dress,$278.00 ,,,,,
Remi Dress,$218.00 ,,,,,
Hollyhock Dress,$398.00 ,,,,,
Ezlynn Knit Top,$78.00 ,,,,,
Jamen Knit Dress,$148.00 ,,,,,
Rosi Dress,$228.00 ,,,,,
Harlow Leather Sneaker,$148.00 ,,,,,
Winslow Dress,$328.00 ,,,,,
Cashmere Polo Sweater,$168.00 ,,,,,
Frankie Silk Dress,$298.00 ,,,,,
Nylah Nappa Knee Boot,$448.00 ,,,,,
Joelle Top,$148.00 ,,,,,
Cassidy Denim Jumpsuit,$198.00 ,,,,,
Baxley Dress,$228.00 ,,,,,
Petites Vesta Pant,$178.00 ,,,,,
Sianna Silk Dress,$328.00 ,,,,,
Ezlynn Knit Top,$78.00 ,,,,,
Petites Mason Pant,$178.00 ,,,,,
Alyssa High Rise Wide Leg Long Jeans,$148.00 ,,,,,
Carolena Dress,$248.00 ,,,,,
Robbie Linen Two Piece,$248.00 ,,,,,
Juliette Dress,$248.00 ,,,,,
Westerly Dress,$348.00 ,,,,,
Mika Dress,$248.00 ,,,,,
Varenne Cashmere Tank And Cardi Set,$228.00 ,,,,,
Belgium Linen Dress,$248.00 ,,,,,
Liza Ultra High Rise Straight Jeans,$148.00 ,,,,,
Gloriana Silk Dress,$348.00 ,,,,,
Winslow Dress,$328.00 ,,,,,
Bailey Knit Top,$68.00 ,,,,,
Stacey Knit Top,$78.00 ,,,,,
Frankie Silk Dress,$298.00 ,,,,,
Winslow Dress,$328.00 ,,,,,
Bailey Knit Top,$68.00 ,,,,,
Stacey Knit Top,$78.00 ,,,,,
Frankie Silk Dress,$298.00 ,,,,,
Ginny Dress,$298.00 ,,,,,
Emma High Rise Wide Leg Jeans,$148.00 ,,,,,
Breslin Dress,$178.00 ,,,,,
Frankie Silk Dress,$298.00 ,,,,,
Nadira Dress,$278.00 ,,,,,
Wilder High Rise Wide Leg Jeans,$148.00 ,,,,,
Minnie Knit Top,$78.00 ,,,,,
Gellar Knit Top,$78.00 ,,,,,
Tasha Tank,$38.00 ,,,,,
Genesis Silk Dress,$328.00 ,,,,,
Eleonora Sling Back Block Heel Sandal,$248.00 ,,,,,
Fallon Dress,$328.00 ,,,,,
Clara Crew Cardigan,$198.00 ,,,,,
Besse Dress,$248.00 ,,,,,
Cowboy High Rise Straight Jeans,$148.00 ,,,,,
Marguerite Silk Dress,$298.00 ,,,,,
Clara Crew Cardigan,$198.00 ,,,,,
Besse Dress,$248.00 ,,,,,
Cowboy High Rise Straight Jeans,$148.00 ,,,,,
Marguerite Silk Dress,$298.00 ,,,,,
Zenni Dress,$278.00 ,,,,,
Baker Coat,$398.00 ,,,,,
Annabelle Silk Dress,$448.00 ,,,,,
Hart Cashmere Sweater,$198.00 ,,,,,
Bucatini Linen Dress,$248.00 ,,,,,
Cleo Linen Two Piece,$248.00 ,,,,,
Winslow Dress,$328.00 ,,,,,
Flounce Skirt,$98.00 ,,,,,
Bailey Knit Top,$68.00 ,,,,,
Stevie Pant,$198.00 ,,,,,
Rylan Knit Two Piece,$168.00 ,,,,,
Jeany Silk Dress,$328.00 ,,,,,
Enza Dress,$278.00 ,,,,,
Enda Regenerative Wool Sweater,$128.00 ,,,,,
Sigmund Dress,$248.00 ,,,,,
Davy Long Sleeve Crewneck Tee,$58.00 ,,,,,
Mason Pant,$178.00 ,,,,,
Veria Silk Dress,$628.00 ,,,,,
Downing Coat,$368.00 ,,,,,
Gellar Knit Top,$78.00 ,,,,,
Tagliatelle Linen Dress,$248.00 ,,,,,
Katerina Lug Sole Chelsea Boot,$298.00 ,,,,,
Joana Silk Dress,$278.00 ,,,,,
Indira Dress,$248.00 ,,,,,
Cynthia High Rise Straight Jeans,$148.00 ,,,,,
Montauk Pleated High Rise Jeans,$168.00 ,,,,,
Haisley Two Piece,$478.00 ,,,,,
Francesco Cotton Polo Sweater,$198.00 ,,,,,
Libra Knit Dress,$128.00 ,,,,,
Aden Silk Dress,$348.00 ,,,,,
Alyssa High Rise Wide Leg Corduroy Pants,$148.00 ,,,,,
Davy Long Sleeve Crewneck Tee,$58.00 ,,,,,
Libra Knit Dress,$128.00 ,,,,,
Aden Silk Dress,$348.00 ,,,,,
Alyssa High Rise Wide Leg Corduroy Pants,$148.00 ,,,,,
Davy Long Sleeve Crewneck Tee,$58.00 ,,,,,
Juliette Dress,$248.00 ,,,,,
Cashmere Boyfriend Sweater,$158.00 ,,,,,
Muse Tee,$38.00 ,,,,,
Bea Skirt,$148.00 ,,,,,
Lysander Dress,$298.00 ,,,,,
Provence Silk Dress,$278.00 ,,,,,
Weston Dress,$248.00 ,,,,,
Leonora Knit Top,$88.00 ,,,,,
Yucca Linen Two Piece,$298.00 ,,,,,
Novena Top,$128.00 ,,,,,
Kaila Knit Dress,$98.00 ,,,,,
Emely Knit Top,$68.00 ,,,,,
Maggi Cargo Midi Skirt,$148.00 ,,,,,
Marguerite Silk Dress,$298.00 ,,,,,
Petites Mason Pant,$178.00 ,,,,,
Lecce Dress,$428.00 ,,,,,
Maggi Cargo Midi Skirt,$148.00 ,,,,,
Marguerite Silk Dress,$298.00 ,,,,,
Petites Mason Pant,$178.00 ,,,,,
Lecce Dress,$428.00 ,,,,,
Stevie Pant,$198.00 ,,,,,
Petites Mason Pant,$178.00 ,,,,,
Nadira Dress,$278.00 ,,,,,
Barrow Silk Dress,$398.00 ,,,,,
October Knit Top,$88.00 ,,,,,
Classic Crew Tee,$28.00 ,,,,,
Reign Top,$148.00 ,,,,,
Canyon Knit Tank,$38.00 ,,,,,
Lindy Knit Top,$68.00 ,,,,,
Tasha Tank,$38.00 ,,,,,
Lewis Dress,$248.00 ,,,,,
Emersyn Dress,$278.00 ,,,,,
Classic Crew Tee,$28.00 ,,,,,
Lindy Knit Top,$68.00 ,,,,,
Danika Dress,$248.00 ,,,,,
Juliette Dress,$248.00 ,,,,,
Petites Mason Pant,$178.00 ,,,,,
Classic Crew Tee,$28.00 ,,,,,
Lindy Knit Top,$68.00 ,,,,,
Danika Dress,$248.00 ,,,,,
Juliette Dress,$248.00 ,,,,,
Frasier Dress,$248.00 ,,,,,
Cassidy Denim Jumpsuit,$198.00 ,,,,,
Minnie Knit Top,$78.00 ,,,,,
Clayten Knit Dress,$218.00 ,,,,,
Cashmere Boyfriend Sweater,$148.00 ,,,,,
Arta Dress,$278.00 ,,,,,
Will Oversized Linen Shirt,$128.00 ,,,,,
Reign Top,$148.00 ,,,,,
Franklin Pant,$178.00 ,,,,,
Catarina Dress,$218.00 ,,,,,
Arco Cashmere Sleeveless Turtleneck Sweater,$148.00 ,,,,,
Tagliatelle Linen Dress,$248.00 ,,,,,
Naomi Linen Jumpsuit,$218.00 ,,,,,
Cassidy Denim Jumpsuit,$198.00 ,,,,,
Adel Tank,$38.00 ,,,,,
Evelyn Dress,$348.00 ,,,,,
Naomi Linen Jumpsuit,$218.00 ,,,,,
Cassidy Denim Jumpsuit,$198.00 ,,,,,
Adel Tank,$38.00 ,,,,,
Evelyn Dress,$348.00 ,,,,,
Juliette Dress,$248.00 ,,,,,
Barrow Silk Dress,$578.00 ,,,,,
Foster Knit Two Piece,$168.00 ,,,,,
Frasier Dress,$248.00 ,,,,,
Baxley Dress,$228.00 ,,,,,
Delphinia Denim Midi Dress,$198.00 ,,,,,
Muse Tee,$38.00 ,,,,,
Sky Relaxed Silk Top,$148.00 ,,,,,
Elke Cotton Cardigan,$178.00 ,,,,,
Bailey Knit Top,$68.00 ,,,,,
Andee Dress,$378.00 ,,,,,
Giorgia Top,$128.00 ,,,,,
Barrow Silk Dress,$398.00 ,,,,,
Crimini Dress,$148.00 ,,,,,
Mason Pant,$178.00 ,,,,,
Bailey High Rise Utility Pant,$148.00 ,,,,,
Muse Tee,$38.00 ,,,,,
Barrow Silk Dress,$398.00 ,,,,,
Crimini Dress,$148.00 ,,,,,
Mason Pant,$178.00 ,,,,,
Bailey High Rise Utility Pant,$148.00 ,,,,,
Tasha Tank,$38.00 ,,,,,
Brandy Oversized Cotton Sweater,$198.00 ,,,,,
Anaya Silk Two Piece,$298.00 ,,,,,
Hermia Regenerative Merino Polo,$98.00 ,,,,,
October Knit Top,$88.00 ,,,,,
Bryn Silk Dress,$328.00 ,,,,,
Bridgton Linen Dress,$248.00 ,,,,,
Annabelle Silk Dress,$448.00 ,,,,,
Bea Skirt,$148.00 ,,,,,
Milania Silk Dress,$298.00 ,,,,,
Mason Pant,$178.00 ,,,,,
Gatsby Dress,$528.00 ,,,,,
Jasen Dress,$328.00 ,,,,,
Vesta Pant,$178.00 ,,,,,
Clayten Knit Dress,$218.00 ,,,,,
Nell Top,$148.00 ,,,,,
Jasen Dress,$328.00 ,,,,,
Vesta Pant,$178.00 ,,,,,
Clayten Knit Dress,$218.00 ,,,,,
Nell Top,$148.00 ,,,,,
Evelyn Dress,$348.00 ,,,,,
Petra Regenerative Merino Cardigan,$88.00 ,,,,,
Merel Velvet Dress,$178.00 ,,,,,
Marlowe Dress,$98.00 ,,,,,
Downing Coat,$368.00 ,,,,,
Paige Knit Top,$58.00 ,,,,,
Sylvania Velvet Dress,$348.00 ,,,,,
Francesco Cotton Polo Sweater,$198.00 ,,,,,
Leia Jumpsuit,$278.00 ,,,,,
Olina Linen Pant,$158.00 ,,,,,
Baxley Dress,$228.00 ,,,,,
Emmy Silk Top,$128.00 ,,,,,
Adel Tank,$38.00 ,,,,,
Gatsby Dress,$528.00 ,,,,,
Ingrid Dress,$378.00 ,,,,,
Sky Relaxed Silk Top,$148.00 ,,,,,
Adel Tank,$38.00 ,,,,,
Gatsby Dress,$528.00 ,,,,,
Ingrid Dress,$378.00 ,,,,,
Sky Relaxed Silk Top,$148.00 ,,,,,
Harlow Leather Sneaker,$148.00 ,,,,,
Alanis Silk Dress,$278.00 ,,,,,
Brantley Dress,$218.00 ,,,,,
Gloriana Silk Dress,$348.00 ,,,,,
Valencia Dress,$428.00 ,,,,,
Aubree Linen Dress,$98.00 ,,,,,
Jimmy Dress,$218.00 ,,,,,
Preston Linen Top,$128.00 ,,,,,
Kiara Skirt,$98.00 ,,,,,
Ethan Pant,$178.00 ,,,,,
Marguerite Silk Dress,$298.00 ,,,,,
Oversized Long Sleeve Tee,$48.00 ,,,,,
Calie Tank,$38.00 ,,,,,
Lux Silk Top,$168.00 ,,,,,
Assunta Strappy Block Heel Mule,$198.00 ,,,,,
Noha Dress,$148.00 ,,,,,
Harlow Leather Sneaker,$148.00 ,,,,,
Calie Tank,$38.00 ,,,,,
Lux Silk Top,$168.00 ,,,,,
Assunta Strappy Block Heel Mule,$198.00 ,,,,,
Noha Dress,$148.00 ,,,,,
Alyssa High Rise Wide Leg Corduroy Pants,$148.00 ,,,,,
Calie Tank,$38.00 ,,,,,
Birch Silk Dress,$378.00 ,,,,,
Alaine Silk Dress,$248.00 ,,,,,
Daxton Knit Top,$58.00 ,,,,,
Prudence Knit Dress,$148.00 ,,,,,
Poppies Silk Dress,$298.00 ,,,,,
Benson Silk Skirt,$128.00 ,,,,,
Jackie Knit Top,$58.00 ,,,,,
Poppies Silk Dress,$298.00 ,,,,,
Lindy Knit Top,$78.00 ,,,,,
Winslow Dress,$328.00 ,,,,,
Cowboy High Rise Straight Jeans,$148.00 ,,,,,
Sabine Silk Two Piece,$428.00 ,,,,,
Casette Silk Dress,$328.00 ,,,,,
Jeune Dress,$218.00 ,,,,,
Alyssa High Rise Wide Leg Corduroy Pants,$148.00 ,,,,,
Cowboy High Rise Straight Jeans,$148.00 ,,,,,
Sabine Silk Two Piece,$428.00 ,,,,,
Casette Silk Dress,$328.00 ,,,,,
Jeune Dress,$218.00 ,,,,,
Spritz Silk Top,$128.00 ,,,,,
Marco Bomber Jacket,$198.00 ,,,,,
Maddison Silk Dress,$298.00 ,,,,,
Cynthia High Rise Straight Long Jeans,$148.00 ,,,,,
Mason Pant,$178.00 ,,,,,
Fantino Cashmere Collared Cardigan,$248.00 ,,,,,
Liza Ultra High Rise Straight Jeans,$148.00 ,,,,,
Glenna Cashmere Sweater,$198.00 ,,,,,
Whitmore Coat,$368.00 ,,,,,
Chaine Dress,$178.00 ,,,,,
Petites Baxley Dress,$228.00 ,,,,,
Yucca Linen Two Piece,$298.00 ,,,,,
Calie Tank,$38.00 ,,,,,
Andee Dress,$378.00 ,,,,,
Liza Top,$128.00 ,,,,,
Hartley Knit Tee,$38.00 ,,,,,
Calie Tank,$38.00 ,,,,,
Andee Dress,$378.00 ,,,,,
Liza Top,$128.00 ,,,,,
Hartley Knit Tee,$38.00 ,,,,,
Veda Crosby 90s Longline Leather Blazer,$448.00 ,,,,,
Clarke Knit Tank,$38.00 ,,,,,
Mochi Dress,$218.00 ,,,,,
Lexi High Rise Wide Leg Jeans,$148.00 ,,,,,
Leonora Knit Top,$88.00 ,,,,,
Anaya Silk Two Piece,$298.00 ,,,,,
Skylar Knit Dress,$128.00 ,,,,,
Noha Dress,$148.00 ,,,,,
Madden Dress,$268.00 ,,,,,
Radley Knit Top,$68.00 ,,,,,
Ossie Knit Tank,$58.00 ,,,,,
Wyn Silk Dress,$378.00 ,,,,,
Aden Silk Dress,$348.00 ,,,,,
Lizbeth Dress,$278.00 ,,,,,
Graham Pant,$158.00 ,,,,,
Alaine Silk Dress,$248.00 ,,,,,
Aden Silk Dress,$348.00 ,,,,,
Lizbeth Dress,$278.00 ,,,,,
Graham Pant,$158.00 ,,,,,
Alaine Silk Dress,$248.00 ,,,,,
Flounce Skirt,$98.00 ,,,,,
Marguerite Silk Dress,$298.00 ,,,,,
Petites Frankie Silk Dress,$298.00 ,,,,,
Lillian Knit Top,$128.00 ,,,,,
Banff Dress,$148.00 ,,,,,
Banks Knit Dress,$178.00 ,,,,,
Petites Ethan Pant,$178.00 ,,,,,
Demi Top,$148.00 ,,,,,
Delevan Top,$128.00 ,,,,,
Giusta Oversized Cashmere Cardigan,$278.00 ,,,,,
Maize Platform Sandal,$278.00 ,,,,,
Bridgton Linen Dress,$248.00 ,,,,,
Beauden Dress,$148.00 ,,,,,
Esa Silk Dress,$448.00 ,,,,,
Zoe Skirt,$148.00 ,,,,,
Jackie Knit Top,$58.00 ,,,,,
Beauden Dress,$148.00 ,,,,,
Esa Silk Dress,$448.00 ,,,,,
Zoe Skirt,$148.00 ,,,,,
Jackie Knit Top,$58.00 ,,,,,
Liza Ultra High Rise Straight Cropped Jeans,$148.00 ,,,,,
Francesco Cotton Polo Sweater,$198.00 ,,,,,
Cowboy High Rise Straight Jeans,$148.00 ,,,,,
Paige Knit Top,$58.00 ,,,,,
Kaya Oversized Sweater,$198.00 ,,,,,
Glenna Cashmere Sweater,$198.00 ,,,,,
Zoe Skirt,$148.00 ,,,,,
Kailea Knit Dress,$148.00 ,,,,,
Bruno Knit Dress,$128.00 ,,,,,
Rosalie Dress,$218.00 ,,,,,
Stratford Dress,$278.00 ,,,,,
Fantino Cashmere Collared Cardigan,$248.00 ,,,,,
Dolores Two Piece,$218.00 ,,,,,
Winslow Dress,$328.00 ,,,,,
Mya Dress,$248.00 ,,,,,
Devin Twill Vest,$128.00 ,,,,,
Dolores Two Piece,$218.00 ,,,,,
Winslow Dress,$328.00 ,,,,,
Mya Dress,$248.00 ,,,,,
Devin Twill Vest,$128.00 ,,,,,
Johnny Dress,$218.00 ,,,,,
Juliette Dress,$248.00 ,,,,,
Cynthia High Rise Straight Cropped Jeans,$148.00 ,,,,,
Petites Mason Pant,$178.00 ,,,,,
Andee Dress,$378.00 ,,,,,
Axton Knit Dress,$178.00 ,,,,,
Cropped Cashmere Turtle,$168.00 ,,,,,
Vesta Pant,$178.00 ,,,,,
Jeany Silk Dress,$328.00 ,,,,,
Cary High Rise Slouchy Wide Leg Jeans,$198.00 ,,,,,
Harlow Leather Sneaker,$148.00 ,,,,,
Alden Knit Dress,$128.00 ,,,,,
Remi Dress,$218.00 ,,,,,
Davy Cropped Ribbed Turtleneck Tee,$58.00 ,,,,,
Edie Ankle Boot,$348.00 ,,,,,
Belmont Knit Dress,$148.00 ,,,,,
Remi Dress,$218.00 ,,,,,
Davy Cropped Ribbed Turtleneck Tee,$58.00 ,,,,,
Edie Ankle Boot,$348.00 ,,,,,
Belmont Knit Dress,$148.00 ,,,,,
Jeany Silk Dress,$328.00 ,,,,,
Tagliatelle Linen Dress,$248.00 ,,,,,
Frasier Dress,$248.00 ,,,,,
Emanuele Cashmere Novelty Button Sweater,$228.00 ,,,,,
Petites Marguerite Silk Dress,$298.00 ,,,,,
Louie Stretch Sock Bootie,$348.00 ,,,,,
Marguerite Silk Dress,$298.00 ,,,,,
Robin Cashmere Sweater Dress,$328.00 ,,,,,
Freya Top,$128.00 ,,,,,
Parma Silk Dress,$348.00 ,,,,,
Dori Denim Mini Dress,$178.00 ,,,,,
Garrett Cashmere Oversized Turtleneck,$268.00 ,,,,,
Harlow Leather Sneaker,$148.00 ,,,,,
Nili Knit Dress,$148.00 ,,,,,
Ida Cashmere Sleeveless Sweater Dress,$298.00 ,,,,,
Enda Regenerative Wool Sweater,$128.00 ,,,,,
Harlow Leather Sneaker,$148.00 ,,,,,
Nili Knit Dress,$148.00 ,,,,,
Ida Cashmere Sleeveless Sweater Dress,$298.00 ,,,,,
Enda Regenerative Wool Sweater,$128.00 ,,,,,
Brinley Dress,$248.00 ,,,,,
Camilla Lace Up Wedge Espadrille,$178.00 ,,,,,
Will Oversized Shirt,$128.00 ,,,,,
Birch Silk Dress,$378.00 ,,,,,
Davy Cropped Ribbed Turtleneck Tee,$58.00 ,,,,,
Pacey Dress,$218.00 ,,,,,
Daria Ecomove Active Dress,$98.00 ,,,,,
Azura Knit Top,$98.00 ,,,,,
Henrietta Cashmere Dress,$278.00 ,,,,,
Breanna Dress,$278.00 ,,,,,
Wilder High Rise Wide Leg Jeans,$148.00 ,,,,,
Zoe Skirt,$148.00 ,,,,,
Petites Veria Silk Dress,$428.00 ,,,,,
Kaila Knit Dress,$98.00 ,,,,,
Kourtney Dress,$248.00 ,,,,,
Foster Knit Two Piece,$168.00 ,,,,,
Petites Veria Silk Dress,$428.00 ,,,,,
Kaila Knit Dress,$98.00 ,,,,,
Kourtney Dress,$248.00 ,,,,,
Foster Knit Two Piece,$168.00 ,,,,,
Belmont Knit Dress,$148.00 ,,,,,
Brisbane Velvet Dress,$248.00 ,,,,,
Sandy High Rise Relaxed Straight Jeans,$148.00 ,,,,,
Cashmere Crew,$148.00 ,,,,,
Anjeline Knit Dress,$128.00 ,,,,,
Sheryl Knit Top,$68.00 ,,,,,
Petites Jackson Pant,$198.00 ,,,,,
Olivette Dress,$278.00 ,,,,,
Reeds Dress,$278.00 ,,,,,
Teddy Silk Top,$98.00 ,,,,,
Hadley Dress,$198.00 ,,,,,
Harriet Regenerative Wool Mini Dress,$278.00 ,,,,,
Asha Denim Top,$128.00 ,,,,,
Cynthia High Rise Straight Long Jeans,$148.00 ,,,,,
Ruby Knit Cardigan Set,$98.00 ,,,,,
Cleona Knit Dress,$148.00 ,,,,,
Asha Denim Top,$128.00 ,,,,,
Cynthia High Rise Straight Long Jeans,$148.00 ,,,,,
Ruby Knit Cardigan Set,$98.00 ,,,,,
Cleona Knit Dress,$148.00 ,,,,,
Cello Knit Top,$68.00 ,,,,,
Peyton High Rise Bootcut Jeans,$148.00 ,,,,,
Annabelle Silk Dress,$448.00 ,,,,,
Downing Coat,$368.00 ,,,,,
Tara Top,$58.00 ,,,,,
Alaine Silk Dress,$248.00 ,,,,,
Petites Zoe Skirt,$148.00 ,,,,,
Emmy Silk Top,$128.00 ,,,,,
Zya Knit Top,$58.00 ,,,,,
Harlow Leather Sneaker,$148.00 ,,,,,
Mavis Dress,$218.00 ,,,,,
Naomi Linen Jumpsuit,$218.00 ,,,,,
Tommie Knit Cardigan Set,$118.00 ,,,,,
Margot Skirt,$98.00 ,,,,,
Sheryl Knit Top,$68.00 ,,,,,
Layla Silk Skirt,$178.00 ,,,,,
Tommie Knit Cardigan Set,$118.00 ,,,,,
Margot Skirt,$98.00 ,,,,,
Sheryl Knit Top,$68.00 ,,,,,
Layla Silk Skirt,$178.00 ,,,,,
Minnie Knit Top,$78.00 ,,,,,
Genesis Silk Dress,$328.00 ,,,,,
Overland Silk Top,$128.00 ,,,,,
Belgium Linen Dress,$248.00 ,,,,,
Cropped Cashmere Turtle,$168.00 ,,,,,
Giusta Oversized Cashmere Cardigan,$278.00 ,,,,,
Evelyn Dress,$348.00 ,,,,,
Celestia Dress,$298.00 ,,,,,
Desirae Ecostretch Dress,$128.00 ,,,,,
Val Regenerative Wool Cardigan,$198.00 ,,,,,
Nadira Dress,$278.00 ,,,,,
Laredo Knit Top,$88.00 ,,,,,
Shayla Dress,$348.00 ,,,,,
Joanne Belted Denim Dress,$178.00 ,,,,,
Westerly Dress,$348.00 ,,,,,
Petites Cynthia High Rise Straight Jeans,$148.00 ,,,,,
