Keyword,Frequency
Pants,43
It,40
Top,34
Up,31
Dress,27
A,27
Something,24
T-Shirt,23
Like,18
Shirt,17
Pullover,17
Wrap,17
Leggings,15
Borrowed,15
Tank,14
Shorts,13
Turn,12
Boss,11
Days,10
Essentialist,10
Linen,9
All,8
To,8
In,8
Cool,8
Down,8
Joggers,8
Crop,7
Cozy,7
And,7
Dream,7
Easy,7
Necessi-T-Shirt,7
Tailored,7
Throw,7
Stretch,6
Chill,6
Blazer,6
Made,6
Scarf,6
That's,6
Roll,5
Jumpsuit,5
Portfolio,5
Snap,5
Button,5
Higher,5
Day,4
Long,4
Back,4
Blouse,4
Comfort,4
Zone,4
Hoodie,4
Destination,4
Double,4
Home,4
I'm,4
It's,4
Layered,4
Thermal,4
LBD,4
Flax,4
Straight,4
Three-In-One,4
Hat,4
Twist,4
+,4
Warm,4
Sleeve,3
Weather,3
Cardigan,3
-,3
Free,3
Out,3
Harder,3
Racerback,3
(3-pack),3
Everyday,3
Ice,3
Pop,3
Jacket,3
Swirl,3
Skirt,3
Keep,3
Arm,3
Warmers,3
Lighten,3
Sports,3
Bra,3
Sweatshirt,3
No,3
Sweat,3
Sweater,3
Rain,3
Or,3
Shine,3
Hooded,3
Shrug,3
Off,3
Strategy,3
Around,3
Front,2
Bend,2
and,2
On,2
City,2
Summits,2
Vest,2
Comfy,2
Cool-Down,2
Suits,2
You,2
Socks,2
Ease,2
Paperbag,2
Float,2
Hail,2
Yes,2
Hit,2
Snooze,2
Travel,2
Eye,2
Mask,2
Flaxible,2
Kick,2
Hug,2
Satin,2
Not,2
So,2
Basic,2
Pack,2
Pleat,2
Repeat,2
Relax,2
Tailor-Made,2
Trailblazer,2
Belted,2
The,2
Air,2
Year,2
Wind,2
Wrapped,2
Best,1
Class,1
Bodysuit,1
Bio,1
Detergent,1
&,1
Clear,1
Brakes,1
Culotte,1
Cropped,1
Dawn,1
Dusk,1
Kimono,1
to,1
Night,1
Dial,1
Take,1
Breasted,1
Fresh,1
Start,1
Got,1
Covered,1
Suit,1
Here.,1
Now.,1
Silk,1
Bandana,1
Inside,1
Reversible,1
Classic,1
a,1
Legacy,1
Trench,1
Let,1
Loose,1
Lighter,1
Fleece,1
Haul,1
Offset,1
Your,1
Next,1
Trip,1
Board,1
Over,1
One,1
Overhead,1
Turtleneck,1
Self-Care,1
Simple,1
Things,1
Sunday,1
Morning,1
Notch,1
Scoop,1
Neck,1
Latte,1
Oat,1
Under,1
Wraps,1
