Unnamed: 0,Cloth_Desc,Price
0,High-Waisted Classic Leggings - Wild Fable Black,3.50
1,Tiny Tank Top - Wild Fable,2.50
2,90 Degree by Reflex - Women's Soft Comfy Lounge Shorts with Pockets,10.99
3,Tonal Shamrocks St. Patrick's Day Crew Socks - Dark Green 4-10,3.50
4,Short Sleeve Casual T-Shirt - A New Day,4.40
5,Plush Cotton Unisex Adult Bathrobe - Blue Nile Mills,40.66
6,Gradient Shamrock St. Patrick's Day Low Cut Socks - Black 4-10,4.00
7,Short Sleeve Ribbed T-Shirt - A New Day,6.70
8,"Alexander del Rossa Women's Raglan Sleep Shirt with Pockets, Long Sleeve Nightshirt, Lightweight Nightgown",16.49
9,Short Sleeve Extended Shoulder T-Shirt - A New Day,8.50
10,Short Sleeve T-Shirt - Wild Fable,7.00
11,"Alexander del Rossa Women's Raglan Sleep Shirt, Short Sleeve Nightshirt, Lightweight Nightgown",14.99
12,Long Sleeve Relaxed Fit Collared Button-Down Shirt - Universal Thread,18.50
13,Fashion Forms Women's Reusable Silicone Gel Petals,11.00
14,Slim Fit Square Neck Tank Top - A New Day,10.20
15,Elbow Sleeve Boxy Cropped T-Shirt - A New Day,12.30
16,Short Sleeve V-Neck T-Shirt - A New Day,10.40
17,Fashion Forms Women's Dress Tape With Dispenser,12.50
18,Laser Cut Thong - Auden,9.08
19,Doxie St. Patrick's Day Crew Socks - Dark Green 4-10,11.50
20,Multipattern 6pk Crew Socks - A New Day Black 4-10,14.50
21,Laser Cut Cheeky Underwear - Auden,10.08
22,Slim Fit Cropped Cami Tank Top - Wild Fable,12.20
23,Irish Pug St. Patrick's Day Crew Socks - Green 4-10,13.50
24,Guinea Pig Low Cut Socks - Xhilaration Pink One Size,12.75
25,Stretch Woven Tapered Cargo Pants - All in Motion,26.83
26,Long Sleeve Ribbed T-Shirt - A New Day,17.80
27,High-Rise Tapered Ankle Pull-On Pants - A New Day,26.00
28,Square Neck Tank Top - A New Day,13.07
29,Short Sleeve V-Neck Cropped T-Shirt - Wild Fable,12.25
30,"Alexander Del Rossa Women's Warm Winter Robe, Plush Fleece Full Length Long Bathrobe",40.00
31,Lucky Llama St. Patrick's Day Crew Socks - Green 4-10,17.50
32,Laser Cut Hipster - Auden,18.50
33,Smocked Waist Side Slit Cover Up Pants - Kona Sol,28.67
34,Laser Cut Cheeky Bikini Underwear - Auden,14.42
35,Sparkly Low Cut Socks - Xhilaration 4-10,18.25
36,Micro Hipster Underwear - Auden,15.08
37,'Top of the Meowning to Ya' St. Patrick's Day Crew Socks - Heather Gray 4-10,20.50
38,Beautifully Soft Fleece Lounge Jogger Pants - Stars Above,28.99
39,Oversized Long Sleeve Button-Down Shirt - Universal Thread,32.00
40,Muscle Tank Top - A New Day,23.20
41,Seamless Thong - Auden,17.33
42,Short Sleeve T-Shirt - Universal Thread,25.00
43,High-Waisted Ribbed Flare Leggings - Wild Fable,32.50
44,Slim Fit Short Sleeve V-Neck T-Shirt - Universal Thread,26.00
45,Rainbow with Fuzzy Clouds Low Cut Socks - Xhilaration Oatmeal Heather 4-10,23.25
46,Long Sleeve Button-Down Cropped Shirt - Universal Thread,35.50
47,Hanes Premium 6 Pack Women's Cushioned Ankle Socks - 5-9,29.50
48,Allover Lace Thong - Auden,27.00
49,Bonded Micro Thong - Auden,27.00
50,Bonded Micro Bikini Underwear - Auden,27.50
51,Perfectly Cozy Lounge Jogger Pants - Stars Above,35.49
52,Cotton Comfort Hipster Underwear - Auden,29.00
53,Comfort Bikini Underwear - Auden,29.00
54,Button-Up Cover Up Shirtdress - Kona Sol,37.33
55,Cozy Chenille Robe - Stars Above,46.50
56,Shamrock St. Patrick's Day Cozy Crew Socks - White 4-10,30.50
57,Cotton Bikini Underwear - Auden,22.08
58,Square Neck Pointelle Pullover Sweater - Wild Fable,43.00
59,Stretch Woven Taper Pants - All in Motion,37.00
60,Active Muscle Tank Top - All in Motion,36.80
61,Cozy Marled 2pk Low Cut Socks - Universal Thread 4-10,34.00
62,'Feelin' Clucky' St. Patrick's Day Crew Socks - Navy/Green 4-10,33.00
63,Puff Short Sleeve Dress - A New Day,49.00
64,Striped 6pk Crew Socks - A New Day 4-10,36.50
65,Pizza Llama Low Cut Socks - Xhilaration Pink 4-10,33.25
66,Solid Knee High Socks - Xhilaration 4-10,34.25
67,Linen Boxy Short-Sleeve T-Shirt - Universal Thread,38.30
68,Short Sleeve Shrunken T-Shirt - Universal Thread,38.00
69,Comfort Thong - Auden,26.08
70,Cozy Slouch Crew Socks - Universal Thread 4-10,37.50
71,Mid-Rise Linen Pull-On Shorts - Universal Thread,43.50
72,Perfectly Cozy Wide Leg Lounge Pants - Stars Above,45.99
73,Sleeveless Knit Bodycon Dress - Wild Fable,45.50
74,Hanes Women's Cushioned 10pk Crew Socks - 5-9,42.49
75,Striped Shamrock St. Patrick's Day Cozy Low Cut Socks - Green 4-10,39.50
76,Bonded Micro Thong - Auden,40.50
77,Midi A-Line Slip Skirt - A New Day,51.00
78,Lace Bikini Underwear - Auden,30.32
79,Ribbed Tank Dress - Universal Thread,49.50
80,Hanes Premium 6 Pack Women's Cushioned Crew Socks - White 5-9,45.99
81,Nursing Seamless Bra - Auden,48.99
82,Cotton Lace Trim Thong - Auden,31.03
83,Rib Triangle Bralette - Colsie,45.00
84,Cut Out Lace Thong - Auden,45.50
85,Cotton Front Placket Boy Shorts - Auden,45.50
86,Farmer Chicken Low Cut Socks - Xhilaration Blue Denim 4-10,43.75
87,Sloth Low Cut Socks - Xhilaration Orange 4-10,44.25
88,Cow Low Cut Socks - Xhilaration Heather Gray 4-10,44.75
89,Seamless Hipster Underwear - Auden Green,47.50
90,Fashion Forms Women's Reusable Full Figure Gel Petals Adhesive Strapless Backless Bra - Clear,49.99
91,Rainy Day Pig Low Cut Socks - Xhilaration Charcoal Gray 4-10,46.25
92,Cat Faces Ankle Socks - Xhilaration Peach 4-10,47.25
93,Cat Hamburger Low Cut Socks - Xhilaration Light Heather Gray 4-10,47.25
94,Low Cut Socks - Xhilaration,47.75
95,Fitted Crew Short-Sleeve T-Shirt - Universal Thread,51.50
96,Laser Cut Hipster Underwear - Auden,35.08
97,Ribbed Slim Fit Tank Top - A New Day,51.70
98,Seamless Bikini Underwear - Auden,51.50
99,Faux Fur Cozy Pull-On Slipper Socks,37.93
100,Slim Fit Extended Shoulder Gauze Tank Top - A New Day,62.50
101,Seamless Slim Fit Tank Top - A New Day,56.50
102,Dr. Cat Low Cut Socks - Xhilaration Aqua Blue 4-10,51.75
103,"Risque No Show Disposable Nipple Covers, 40petals",57.98
104,Ultra High-Rise Flex Leggings - All in Motion,51.33
105,High-Waisted Flare Leggings - Wild Fable,47.33
106,Seamless Hipster Underwear - Auden,38.42
107,3pk Crew Socks - A New Day 4-10,56.50
108,Cotton Cheeky Underwear with Lace Waistband - Auden,39.60
109,Sleeveless Cover Up Maxi Duster - Kona Sol,55.67
110,Shamrock Hearts St. Patrick's Day Cozy Low Cut Socks - Charcoal Heather/Green 4-10,57.00
111,Square Neck Cropped Sweater Tank - Wild Fable,64.50
112,Brushed Sculpt Ultra High-Rise Flare Leggings - All in Motion,70.00
113,Seamless Boy Shorts - Auden,59.00
114,Micro Cheeky Underwear with Lace - Auden,59.50
115,Camping Hedgehogs Low Cut Socks - Xhilaration Light Blue 4-10,58.25
116,Kindness Short Sleeve Graphic T-Shirt - Green Floral,61.99
117,Beautifully Soft Cami and Shorts Pajama Set - Stars Above,68.50
118,Short Sleeve Oversized Graphic T-Shirt - Wild Fable,65.40
119,Hanes Women's Extended Size Cushioned 10pk Crew Socks - 8-12,65.00
120,Cotton Boy Shorts - Auden,43.70
121,Beautifully Soft Short Sleeve Notch Collar Top and Shorts Pajama Set - Stars Above,71.50
122,Seamless Bralette - Auden,46.83
123,Strawberry Shortcake Short Sleeve Graphic T-Shirt - Pink,66.69
124,Short Sleeve Cropped T-Shirt - Wild Fable,44.08
125,Striped 6pk Crew Socks - A New Day Black/White/Gray 4-10,67.00
126,Lingerie Cheeky Underwear - Auden,66.50
127,Spaghetti Strap Bodysuit - Wild Fable,68.30
128,Lace Tanga Cheeky Underwear - Auden,46.98
129,Cotton Seamless Cheeky Underwear - Auden,46.70
130,Cotton Bikini Underwear with Lace - Auden,67.50
131,Nirvana Short Sleeve Graphic T-Shirt - Black,70.69
132,Reversible Seamless Bralette - Colsie,69.50
133,Sloth Low Cut Socks - Xhilaration Green One Size,67.25
134,Lace String Thong - Auden,48.98
135,Super-High Rise Distressed Straight Jeans - Wild Fable Medium Wash,80.00
136,Open Cardigan - A New Day,82.00
137,Party Dino Ankle Socks - Xhilaration Cream 4-10,69.75
138,Utility Midi A-Line Skirt - Universal Thread,62.48
139,Hanes Women's Extended Size 10pk Ankle Socks - 8-12,75.00
140,Open-Front Cardigan - Universal Thread,63.93
141,Peds Women's Unseen 2pk Liner Casual Socks - 5-10,73.25
142,Cotton Ribbed Side Cable Knee High Socks - Universal Thread 4-10,73.55
143,Soft Stretch Pants - All in Motion,86.50
144,Nursing 2pk Pull Over Seamless Sleep Bra - Auden,82.00
145,Cotton Hipster Underwear with Lace Waistband - Auden,52.03
146,Seamless Bikini Underwear - Auden,51.75
147,Snorkeling Cow Low Cut Socks - Xhilaration Blue 4-10,74.25
148,ASSETS by SPANX Women's High-Waist Shaping Tights,83.00
149,Hanes Women's Cushioned 10pk Ankle Socks - 5-9,80.00
150,High-Waisted Ultra Soft Leggings - Wild Fable,84.00
151,Relaxed Fit Spring Blazer - A New Day,94.50
152,Cozy Marled 2pk Crew Socks - Universal Thread 4-10,54.98
153,Sparkly Workout Hamsters Low Cut Socks - Xhilaration Aqua 4-10,77.25
154,Sleeveless Seamed Bodycon Dress - Wild Fable,83.00
155,Sleeveless Jumpsuit - Universal Thread,92.50
156,Long Sleeve T-Shirt - Universal Thread,60.40
157,Bonded Micro Briefs - Auden,81.00
158,Hanes Women's 10pk No Show Socks - 5-9,84.50
159,Hello Kitty Short Sleeve Graphic T-Shirt - Brown,84.69
160,Short Sleeve Rib Fitted Square Neck Baby T-Shirt - Wild Fable,84.00
161,Bee 3pk Crew Socks - A New Day Navy 4-10,83.50
162,Cotton Thong - Auden,57.33
163,V-Neck Ribbed Seamless Tank Bra - JoyLab,92.50
164,Fruit Snails Low Cut Socks - Xhilaration Light Blue 4-10,82.75
165,Beautifully Soft Fleece Sweatshirt - Stars Above,92.50
166,Brushed Sculpt Ultra High-Rise Leggings - All in Motion,95.50
167,Cotton Cheeky Underwear with Lace Waistband - Auden,86.50
168,ASSETS by SPANX Women's Original Shaping Tights,92.00
169,Light Support V-Neck Cropped Sports Bra - All in Motion,66.97
170,Sheer Rose Thigh Highs - A New Day Black,89.25
171,Reversible Ribbed Bralette - Colsie,61.32
172,Rainbow Shamrock St. Patrick's Day Knee High Socks - Assorted Colors 4-10,88.50
173,House Plant Graphic Sweatshirt - Heather Olive Green,96.50
174,Medium Support Seamless Cami Longline Sports Bra - All in Motion,95.00
175,3pk Waffle Crew Socks - Universal Thread 4-10,91.00
176,Bell Long Sleeve Satin Fly Away Top - Wild Fable,99.00
177,Sleeveless Knit Skater Dress - Wild Fable,96.50
178,Relaxed Fit Essential Blazer - A New Day Black,108.00
179,Long Sleeve Oversized Satin Button-Down Shirt - A New Day,102.00
180,Satin Robe - Stars Above,75.41
181,Slim Fit Tank Top - A New Day,92.90
182,Fern 3pk Crew Socks - A New Day Black 4-10,94.00
183,Peds Women's Cushion Heel 2pk Liner Socks - Beige Nude 5-10,94.25
184,Short Sleeve Relaxed Fit Cropped T-Shirt - Wild Fable,66.83
185,Contour Power Waist High-Rise Leggings - All in Motion,105.00
186,Fitted Corset Tank Top - Wild Fable,97.00
187,Matte Satin Essential Cami - A New Day,102.50
188,Lace Cheeky Underwear - Auden,66.37
189,Peds Women's Extended Size Cotton 2pk Unseen Liner Casual Socks,97.25
190,Slip Dress - A New Day,107.50
191,Cozy Robe - Stars Above,110.50
192,Striped Beautifully Soft Pajama Pants - Stars Above Navy,105.00
193,Long Sleeve Button-Down Shirtdress - Universal Thread,114.00
194,Lightweight Ombre 6pk No show Athletic Socks - All in Motion 4-10,102.95
195,Mesh Hipster Underwear - Auden,68.70
196,Maternity Tank Top - Isabel Maternity by Ingrid & Isabel,103.00
197,Mixed Pattern Shamrock St. Patrick's Day Crew Socks - Black/Green 4-10,100.50
198,Medium Support Seamless Cami Midline Sports Bra - All in Motion,74.66
199,Panda DJ Low Cut Socks - Xhilaration Periwinkle Blue 4-10,100.25
200,Rainbow Shamrock St. Patrick's Day Cozy Crew Socks - Assorted Colors 4-10,102.50
201,Beautifully Soft Short Sleeve NightGown - Stars Above,79.66
202,Low-Rise Wide Leg Cargo Pants - Wild Fable,115.00
203,Be Kind Short Sleeve Graphic T-Shirt - Black,106.69
204,Festival Llama Low Cut Socks - Xhilaration Heather Gray 4-10,102.75
205,Rainbow Stripe Knee High Socks - Xhilaration 4-10,103.75
206,Short Sleeve V-Neck T-Shirt - Universal Thread,72.80
207,Short Sleeve Relaxed Fit V-Neck T-Shirt - Universal Thread,73.40
208,Seamless Briefs - Auden,107.00
209,Hanes Women's 10pk Cushioned Low Cut Socks - 5-9,110.00
210,Pandas in Pool Floaty Low Cut Socks - Xhilaration Blue 4-10,105.75
211,'Easy Beezy' Bee Low Cut Socks - Xhilaration Oatmeal Heather 4-10,106.25
212,Zip-Front Jacket - All in Motion,89.17
213,High-Rise Skinny Ankle Pants - A New Day,121.00
214,Hanes Premium 6 Pack Women's Cushioned Crew Socks - Black 5-9,113.00
215,Peds Women's 2pk Cozy Slipper Liner Socks 5-10,76.91
216,Tie-Dye 3pk Ribbed Crew Socks - Universal Thread Blue/Gray 4-10,111.50
217,Ruched Short Sleeve T-Shirt - Universal Thread,114.90
218,Shirred High Waist Bikini Bottom - Kona Sol,87.00
219,Hanes Premium Women's 6pk Cushioned No Show Socks - 5-9,115.50
220,"""Drop It Like A Sloth"" Low Cut Socks - Xhilaration White 4-10",110.75
221,Sleeveless Tiered Chiffon Fit & Flare Skater Dress - Wild Fable,128.00
222,Cotton Ribbed Hipster Underwear - Auden,77.70
223,Fashion Forms Women's Non-Adhesive Backless Strapless Petals,115.50
224,Perfectly Cozy Sweatshirt - Stars Above,122.00
225,Animal Print Beautifully Soft Short Sleeve Notch Collar Top and Shorts Pajama Set - Stars Above Brown,123.50
226,Multitasking Octopus Ankle Socks - Xhilaration Charcoal Gray 4-10,114.25
227,"""Meowning Coffee"" Ankle Socks - Xhilaration Charcoal Gray 4-10",114.75
228,'Stay Golden' Dog Ankle Socks - Xhilaration Cream 4-10,115.25
229,Perfectly Cozy Shorts - Stars Above,122.00
230,Ultra High-Rise Rib Leggings - All in Motion,129.00
231,Sleeveless Tiered Mesh Fit & Flare Skater Dress - Wild Fable Black Polka Dots,133.00
232,Long Sleeve Pullover Blouse - Universal Thread,128.50
233,Puff Short Sleeve T-Shirt - A New Day,124.50
234,Classic The Rolling Stones Short Sleeve Graphic T-Shirt - Black,122.19
235,Ribbed Brami - Colsie,84.50
236,Hanes Premium Women's Sheer Thigh Highs,122.50
237,Hanes Premium Women's 2pk Ultra Sheer Light Coverage Pantyhose,126.50
238,Mesh Cheeky Underwear - Auden,83.03
239,Lace Bikini Underwear - Auden,123.00
240,6pk Mary Jane Fold Over Cuff Crew Socks - A New Day Black 4-10,124.50
241,Budweiser Short Sleeve Graphic T-Shirt - White,125.69
242,Beautifully Soft Pajama Shorts - Stars Above,127.50
243,Hanes Premium Women's 6pk Cushioned Low Cut Socks,127.50
244,Fleece Sweatshirt - A New Day,132.00
245,Layering Sweater Cardigan - Universal Thread,137.50
246,Space Panda Ankle Socks - Xhilaration Heather Gray 4-10,124.25
247,High-Rise Wide Leg Linen Pull-On Pants - A New Day,136.00
248,Dreaming Llamas Ankle Socks - Xhilaration Black 4-10,125.25
249,High-Rise Plisse Flare Pants - Wild Fable,137.00
250,V-Neck Babydoll - Auden,137.50
251,Oversized Zip-Up Hoodie - Wild Fable,138.00
252,Foldover Waistband Sleep Boxer Shorts - Colsie,133.50
253,Beautifully Soft Pajama Pants - Stars Above,135.50
254,Simply Cool Short Sleeve Notch Collar Top - Stars Above,135.50
255,Beautifully Soft Notch Collar NightGown - Stars Above,97.33
256,Leprechaun Gnome St. Patrick's Day Low Cut Socks - Navy/Green 4-10,129.00
257,Pear 3pk Low Cut Socks - A New Day 4-10,131.50
258,Fruit of the Loom Women's Cushioned 6pk Crew Athletic Socks 4-10,132.50
259,Striped 3pk Ankle Socks - Universal Thread 4-10,133.00
260,Multipattern 6pk Low Cut Socks - A New Day White 4-10,134.50
261,Irish Sheep St. Patrick's Day Low Cut Socks - Green 4-10,131.50
262,"High-Rise Flex Shorts 3"" - All in Motion",143.50
263,Perfectly Cozy Jogger Pants - Stars Above Blue,141.50
264,"French Terry Shorts 3.5"" - All in Motion",98.66
265,Vacation Bear Low Cut Socks - Xhilaration Blue 4-10,133.25
266,Lightweight Striped 6pk No Show Athletic Socks - All in Motion 4-10,138.95
267,Striped Knee High Socks - Xhilaration White/Black/Pink 4-10,134.75
268,Long Sleeve Oversized Button-Down Boyfriend Shirt - A New Day,106.00
269,Puff Short Sleeve Wrap Dress - A New Day,106.65
270,Long Sleeve T-Shirt - A New Day Striped,140.62
271,Schitt's Creek Rose Apothecary Short Sleeve Graphic T-Shirt - Black Wash,140.69
272,Plus Size Short Sleeve Relaxed Scoop Neck T-Shirt - Ava & Viv,140.00
273,Plus Size Short Sleeve V-Neck T-Shirt - Ava & Viv,140.50
274,8pk Liner Socks - Xhilaration 4-10,141.50
275,Classic Full Coverage Hipster Bikini Bottom - Kona Sol,146.50
276,Ankle Socks - Xhilaration Black 4-10,139.25
277,Short Sleeve Relaxed Fit T-Shirt - Wild Fable,143.30
278,Pig St. Patrick's Day Low Cut Socks - White/Green 4-10,140.00
279,Basic Fishnet Tights - A New Day&#153,144.50
280,Sanrio My Melody Graphic Sweatshirt - Black,151.00
281,Cotton Knit Maternity Leggings - Isabel Maternity by Ingrid & Isabel,149.00
282,"Black History Month Women's Beautiful, Black, Proud Short Sleeve T-Shirt - Black",147.38
283,Multipattern 6pk Low Cut Socks - A New Day Black 4-10,146.00
284,Seamless Baby T-Shirt - JoyLab,152.00
285,Short Sleeve Dress - Universal Thread,155.00
286,6pk Low Cut Socks - A New Day 4-10,147.50
287,Long Sleeve T-Shirt - A New Day,148.30
288,High-Waisted Classic Leggings - Wild Fable,150.00
289,Balloon Long Sleeve Off the Shoulder Corset Top - Wild Fable,155.50
290,High-Rise Ankle Jogger Pants - A New Day,159.00
291,Simply Cool Pajama Pants - Stars Above,155.50
292,Light Support Rib Racerback Longline Sports Bra - All in Motion,157.00
293,'Incorgnito' Dog Low Cut Socks - Xhilaration Blue 4-10,147.25
294,ASSETS by SPANX Women's Perfect Pantyhose,155.00
295,Striped 3pk Low Cut Socks - A New Day Ivory 4-10,150.50
296,Lace Corset - Auden,157.00
297,High-Rise Dolphin Shorts - Wild Fable,153.30
298,Beautifully Soft Fleece Shorts - Stars Above,156.50
299,Hanes® Premium Women's Silky Sheer Control Top Pantyhose,154.00
300,Fleece Hooded Sweatshirt - Universal Thread,115.00
301,"Mid-Rise Run Shorts 3"" - All in Motion",158.50
302,6pk Briefs - Auden,156.00
303,Floral Print Satin Pajama Shorts - Stars Above Black,158.00
304,Sweater Tank Top - Universal Thread,162.00
305,Tummy Control High Waisted Bikini Bottom - Kona Sol,164.00
306,Animal Print Beautifully Soft Pajama Pants - Stars Above Brown,162.00
307,Comfort Bralette - Auden,160.00
308,Hanes Women's Extended Size 10pk No Show Socks - 8-12,159.50
309,X-Side Sport Swim Shorts - Kona Sol,166.00
310,Fashion Forms Women's Amazing Adhesive Strapless Backless Bra - Beige,167.50
311,ASSETS by SPANX Women's High-Waist Perfect Pantyhose,164.50
312,Cushioned Colorpop 6pk No Show Athletic Socks - All in Motion 4-10,161.95
313,Nursing Bralette - Auden,161.50
314,Music City Short Sleeve Graphic T-Shirt - Beige,162.19
315,Peds Women's Sport Marled 4pk Ultra Low Liner Casual Socks 5-10,161.75
316,Ribbed Seamless Bike Shorts - Colsie,164.00
317,Farm Barn 3pk Liner Socks - Xhilaration Blue/Gray/Pink 4-10,161.50
318,Hanes Women's Core Cotton Briefs Underwear 6pk,164.25
319,Bonded Micro Bikini Underwear - Auden Black,162.00
320,"Mid-Rise Knit Shorts 5"" - All in Motion",115.30
321,Fleece Sweatshirt - Universal Thread,122.42
322,Short Sleeve Seamed Baby T-Shirt - Wild Fable,165.80
323,Def Leppard Animal Print Logo Short Sleeve Graphic T-Shirt,166.69
324,"Black History Month Women's Bold, Black, Bougie Pullover Sweatshirt - Bronze",172.62
325,Short Sleeve Side Ruched T-Shirt Dress - Universal Thread,120.66
326,20D Sheer Control Top Tights - A New Day Black,167.25
327,Mesh Bralette - Auden,118.25
328,Hanes Premium Women's 2pk Opaque Tights - Black,172.00
329,Shamrock Dot St. Patricks' Day Crew Socks - White/Green 4-10,166.50
330,Hanes Premium Women's Sheer High Waist Shaping Pantyhose,169.50
331,Tupac Short Sleeve Graphic T-Shirt - Black,170.69
332,High-Rise Linen Pull-On Shorts - A New Day,173.20
333,Tiered Cover Up Mini Dress - Wild Fable,175.50
334,Satin Short Robe - Stars Above,177.62
335,Peds All Day Active Women's 6pk Ultra Low Liner Athletic Socks - Black/White 5-10,173.25
336,Super-High Rise Slim Fit Cropped Kick Flare Pull-On Pants - A New Day,182.50
337,Shamrock Sloth St. Patrick's Day Crew Socks - Black 4-10,170.50
338,"Brushed Sculpt Bike Shorts 5"" - All in Motion",179.00
339,Science Hamster Ankle Socks - Xhilaration Periwinkle Blue 4-10,170.75
340,Sushi Corgi 3pk Liner Socks - Xhilaration Blue/White/Gray 4-10,173.00
341,Tiered Ruffle Tank Top - Wild Fable,179.50
342,Tie-Front Cropped Tank Top - Universal Thread,181.00
343,Critters and Umbrellas 6pk Low Cut Socks - Xhilaration Assorted Colors 4-10,174.50
344,Lucky Hamster St. Patrick's Day Crew Socks - White/Green 4-10,174.00
345,Minnie Short Sleeve Graphic T-Shirt - Black,177.69
346,Long Sleeve Boxy T-Shirt - A New Day Striped,179.00
347,Large Shamrocks St. Patrick's Day Knee High Socks - Black/Green 4-10,176.00
348,Peds Women's Mesh Striped 6pk Sport Cut Liner Socks - 5-10,179.75
349,Mesh Front One Piece Swimsuit - Shade & Shore Black,194.50
350,Smocked High Slit Convertible Cover Up Dress - Wild Fable,186.50
351,Super Soft Leggings - Xhilaration,180.50
352,3pk Liner Socks - A New Day 4-10,179.00
353,Cozy Rib Sweatshirt - All in Motion,190.50
354,Knit Maternity Jogger Pants - Isabel Maternity by Ingrid & Isabel,135.27
355,Seamless Ribbed Bike Shorts - Colsie,183.50
356,Spotted Print High Neck Ruched Full Coverage One Piece Swimsuit - Kona Sol Brown,147.33
357,Fuzzy Cats and Yarn Low Cut Socks - Xhilaration Oatmeal 4-10,179.25
358,Gummy Bears Knee High Socks - Xhilaration Light Heather Gray 4-10,180.25
359,High Waist Swim Boyshorts - Kona Sol Black,191.50
360,Floral Fall Berries 3pk Crew Socks - A New Day Navy 4-10,183.00
361,Ribbed Shrunken Long Sleeve T-Shirt - Universal Thread,186.90
362,High-Rise Fleece Sweatpants - Wild Fable,136.33
363,High-Rise Straight Fit Fluid Pants - A New Day,197.50
364,Ribbed Scoop Front High Leg Cheeky Bikini Bottom - Wild Fable,189.50
365,Sublime Logo Short Sleeve Graphic T-Shirt - Black,187.69
366,Scoop Front High Leg Cheeky Bikini Bottom - Wild Fable Black,190.50
367,"Simplicity Mid-Rise Capri Leggings 20"" - All in Motion",193.50
368,Shrunken Rib Tank Top - Universal Thread,187.20
369,High Waisted Seamless Thong - Auden,187.50
370,Beautifully Soft Sleep T-Shirt - Stars Above,192.50
371,Seamless Racerback Tank Top - All in Motion,194.50
372,Ribbed Triangle String Bikini Top - Wild Fable,193.50
373,Beautifully Soft Robe - Stars Above,201.50
374,Elbow Sleeve Mock Turtleneck T-Shirt - A New Day,132.92
375,Mid-Rise Skinny Jeans - Universal Thread,139.66
376,Simply Cool Pajama Shorts -Stars Above,195.50
377,Satin Lace Trim Tank and Shorts Pajama Set - Colsie,198.50
378,Short Sleeve Ribbed T-Shirt - A New Day,192.20
379,Slub 3pk No Show Socks - Universal Thread 4-10,130.65
380,90s Icons 3pk Liner Socks - Xhilaration White/Heather Gray/Black 4-10,193.00
381,Coffee & Lattes 3pk Liner Socks - Xhilaration Black/Cream/Pink 4-10,193.50
382,Short Sleeve V-Neck T-Shirt - Ava & Viv,195.00
383,High-Waisted Slim Fit Leggings - Ava & Viv,199.50
384,Fashion Forms Women's Adhesive Breast Petals,197.00
385,Sleeveless Handkerchief Hem Fit & Flare Dress - Wild Fable,205.00
386,Cotton String Bikini Underwear - Auden,196.00
387,Floral Print Satin NightGown - Stars Above Black,203.50
388,High Waist Supplex Swim Skirt - Kona Sol,207.00
389,6pk Harry Potter Low Cut Socks - Assorted Colors 4-10,199.00
390,Fleece Lounge Jogger Pants - Colsie,205.00
391,Active Swim Shorts - Kona Sol,207.50
392,Frenchie Fry Ankle Socks - Xhilaration Heather Gray 4-10,197.25
393,Scoop Front High Waist High Leg Cheeky Bikini Bottom - Wild Fable,202.50
394,High-Rise Ribbed Seamless 7/8 Leggings - JoyLab,152.30
395,Hanes Premium 6 Pack Women's Cushioned Ankle Socks - White 8-12,203.50
396,Beautifully Soft Ribbed Legging Pajama Pants - Stars Above,207.00
397,High-Rise Polyester Bike Shorts - Wild Fable,204.10
398,Cat 10pk Low Cut Socks - Xhilaration Assorted Colors 4-10,203.50
399,Triangle Bralette - Colsie Green,203.00
400,Contour Curvy High-Rise Leggings with Power Waist - All in Motion Black,212.50
401,Core Boxy Athletic T-Shirt - All in Motion,210.50
402,Cropped Shelf Tank Bra - All in Motion,148.00
403,Looney Tunes That's All Folks Graphic Sweatshirt - Blue,208.00
404,Cozy Fleece Pull On Slipper Socks with Grippers,206.50
405,Mesh Sarong Swimsuit Cover Up Skirt - Wild Fable,210.00
406,"Soft Stretch Shorts 3.5"" - All in Motion",211.00
407,Short Sleeve Back Cut Out Dress - Universal Thread,221.00
408,Cropped Active Tank Top - All in Motion,145.60
409,Cotton Ribbed Boyshort - Auden,140.00
410,Stripe Cushioned 4pk No Show Athletic Socks - All in Motion 4-10,144.07
411,Star Wars: The Mandalorian The Child Pull-On Microsuede Slipper Socks - Green 7-9.5,211.50
412,Cut Out Brami - Colsie,145.35
413,Gilmore Girls Luke's Short Sleeve Graphic T-Shirt - Green,211.69
414,Simple Wishes Hands Free Pumping Bra Adjustable Fit Bra - Adjustable XS-L,222.00
415,Outerspace 6pk Low Cut Socks - Xhilaration Gray 4-10,210.50
416,"Risque Stickies Reusable Nipple Covers, 2Cover(s)",215.47
417,Cats 3pk Liner Socks - Xhilaration Gray/White/Black,211.50
418,Lace Removable Pad Bralette - Auden,148.58
419,Ribbed Tank Top - Wild Fable,212.70
420,Beautifully Soft Short Sleeve Notch Collar Top and Pants Pajama Set - Stars Above,224.00
421,Puff Elbow Sleeve Linen Shirt - A New Day,223.00
422,Puff Short Sleeve Dress - A New Day,226.00
423,Peds Women's 2pk Microfiber Liner Socks 5-10,214.25
424,Short Sleeve Drapey Scoop Neck T-Shirt - Ava & Viv,216.00
425,Ribbed Seamless Bike Shorts - Colsie,217.50
426,Wyoming Short Sleeve Graphic T-Shirt - Charcoal Gray,218.19
427,Hanes Performance Women's Cushioned 6pk Ankle Athletic Socks White 5-9,220.50
428,Daisy 6pk Low Cut Socks - Xhilaration Black 4-10,217.00
429,Cami - A New Day,223.50
430,Days of the Week Snacks 6pk Low Cut Socks - Xhilaration Assorted Colors 4-10,218.00
431,Two-Tone Shamrocks St. Patrick's Day Crew Socks - Heather Gray 4-10,217.50
432,Ribbed Plunge Front V-Wire One Piece Swimsuit - Shade & Shore,236.00
433,Fleece Pullover Sweatshirt - Universal Thread,159.11
434,Mid-Rise Skinny Jeans - Universal Thread Blue,229.00
435,The Rolling Stones St Patrick's Day Short Sleeve Graphic T-Shirt Dress - Black,227.50
436,Gudetama Short Sleeve Graphic T-Shirt - Yellow,223.19
437,Nursing Seamless Cami - Auden,228.50
438,Coffee Socks - Xhilaration Oatmeal One Size,219.75
439,Crew Neck Sweatshirt - Wild Fable,227.15
440,Peds Women's Extended Size Ultra Low 4pk Sport Liner Socks - Light Gray 8-12,224.25
441,Breakfast 3pk Liner Socks - Xhilaration Cream/Gray/Olive 4-10,223.50
442,Nursing Yoga Bra - Auden,230.50
443,10pk Low Cut Socks - Xhilaration 4-10,226.00
444,"Black History Month Women's My Voice, My Power Pullover Sweatshirt",232.62
445,2pk 50D Opaque Tights - A New Day Black,230.00
446,3pc Satin Notch Collar and Shorts Pajama Set - Stars Above,235.50
447,Short Sleeve V-Neck Side Shirred Maternity T-Shirt - Isabel Maternity by Ingrid & Isabel,230.00
448,Slub 3pk Ankle Socks - Universal Thread 4-10,227.50
449,Colorful Shamrock St. Patrick's Day Crew Socks - Navy/Pink 4-10,226.50
450,Striped Shamrock St. Patrick's Day Knee High Socks - Black/White 4-10,227.50
451,6pk Striped Low Cut Socks - A New Day Assorted Colors 4-10,230.00
452,Sleeveless Ballet Dress - A New Day,240.00
453,Peds Women's 2pk Coolmax Liner Socks - 5-10,229.25
454,6pk Hipster Underwear - Auden Colors May Vary,232.00
455,Fashion Forms Women's Adhesive Strapless Backless Bra - Nude,237.50
456,6pk Print Thong - Auden Colors May Vary,233.00
457,Essential Racerback Tank Top - All in Motion,234.50
458,Brushed Sculpt High-Rise Leggings - All in Motion,169.93
459,High-Rise Wide Leg Pants - A New Day,245.50
460,Ruffle Short Sleeve Smocked Dress - Universal Thread,247.50
461,Linen Boxy V-Neck Short-Sleeve T-Shirt - Universal Thread,235.30
462,Lace Longline Bralette - Auden,240.00
463,Hanes Premium Women's 4pk Comfortsoft Waistband with Cotton Mid-Thigh Boxer Briefs - Colors May Vary,241.00
464,Shark in Sunglasses Low Cut Socks - Xhilaration Blue 4-10,232.75
465,50D Opaque High-Waisted Control Top Tights - A New Day Black,236.75
466,Laser Cut Thong with Lace Back - Auden,235.12
467,Slim Fit Long Sleeve Ribbed T-Shirt - Knox Rose,166.67
468,Hedgehog 3pk Liner Socks - Xhilaration White/Pink/Heather Gray 4-10,237.00
469,All Pro Women's 6pk Aqua FX Ankle Socks,240.50
470,Lilo and Stitch 6pk Low Cut Socks - Blue 4-10,239.50
471,Scoop Bralette Bikini Top - Wild Fable Orange Floral Print,243.00
472,Slim Fit Bodysuit - A New Day,244.00
473,The Flintstones Graphic Sweatshirt - Burgundy,244.50
474,Long Sleeve Oversized Button-Down Shirt - A New Day,249.50
475,Puff Elbow Sleeve Eyelet Shirt - A New Day,250.00
476,Sleeveless Rib Knit Side Ruched Dress - A New Day,249.00
477,Dino Drinking Coffee Socks - Xhilaration Heather Gray One Size,239.25
478,Smocked Tank - Universal Thread,245.40
479,Flex Shirred Cropped Long Sleeve T-Shirt - All in Motion,251.50
480,Waist Detail Over the Shoulder One Piece Swimsuit - Aqua Green®,191.67
481,6pk Bikini Underwear - Auden,245.50
482,Triangle Bikini Top - Wild Fable Orange Ombre Print,248.50
483,Fruit of the Loom Women's Seamless Low-Rise Briefs 6pk - Colors May Vary,249.94
484,Scoop Neck Bralette Bikini Top - Wild Fable,249.50
485,So Soft Unlined Racerback Bralette - Auden,170.91
486,Beautifully Soft Ribbed NightGown - Stars Above,253.00
487,20D Sheer High-Waisted Control Top Tights - A New Day Black,247.75
488,Tassle Trim Crochet Cover Up Dress - Wild Fable,254.00
489,Guns n' Roses Short Sleeve Graphic T-Shirt - Black,249.69
490,Active Accents Cushioned 4pk No Show Tab Athletic Socks - All in Motion 4-10,251.00
491,Puff 3/4 Sleeve Eyelet Dress - Universal Thread,264.50
492,Short Sleeve V-Neck Knit Dress - Universal Thread,258.50
493,Peds Women's 2pk Laser Cut Liner Socks - Nude 5-10,250.75
494,Satin Notch Collar NightGown - Stars Above,257.00
495,Drape Front Bodysuit - A New Day,255.50
496,Hanes Performance Women's Cushioned 6pk No Show Athletic Socks 5-9,255.00
497,Leopard Sheer Tights - A New Day Black,252.75
498,50D Opaque Control Top Tights - A New Day Black,253.25
499,Smocked Ruffle Cover Up Skirt - Wild Fable White,258.50
500,Flex Strappy Exercise Dress - All in Motion,265.00
501,Camaro Graphic Sweatshirt - Red,258.50
502,100% Cotton Gauze Top - Stars Above,259.50
503,Dinosaur 3pk Liner Socks - Xhilaration Navy/White/Pink 4-10,254.50
504,Sleeveless Dress - Universal Thread,269.50
505,High-Rise Relaxed Straight Fit Jeans - Wild Fable Medium Wash Floral,266.50
506,Fishnet Thigh Highs - A New Day Black,258.00
507,Dinosaurs and Stripes 10pk Low Cut Socks - Xhilaration Pink/Blue/Purple 4-10,258.00
508,Long Sleeve Boxy Cropped T-Shirt - Wild Fable,259.85
509,Fruit of the Loom Women's Seamless Bikini 6pk - Colors May Vary,262.94
510,High-Rise Woven Ankle Jogger Pants - A New Day,187.26
511,Hipster Bikini Bottom - Shade & Shore Black,264.50
512,3pk Mary Jane Fold Over Cuff Socks - A New Day 4-10,259.00
513,100% Cotton Gauze Robe - Stars Above,274.00
514,Ribbed Seamless Reversible Tank Top - Colsie,264.50
515,Satin NightGown - Stars Above,267.50
516,Hanes Premium Women's 6pk Cool Comfort Lightweight No Show Socks - 5-9,264.00
517,Yosemite Short Sleeve Graphic T-Shirt - Green,262.50
518,Light Support Brushed Sculpt High-Neck Sports Bra - All in Motion,269.00
519,Hanes Premium 6 Pack Women's Cushioned Low Cut Socks - Black 8-12,265.50
520,Short Sleeve A-Line Dress - Knox Rose,277.50
521,Coffee Cat Low Cut Socks - Xhilaration Blue 4-10,261.25
522,Over Belly Active Maternity Leggings - Isabel Maternity by Ingrid & Isabel,278.50
523,Peds Women's Mesh 4pk Ultra Low Liner Casual Socks 5-10,265.75
524,Short Sleeve Button-Front Boilersuit - Universal Thread,282.00
525,Essential Crewneck Long Sleeve T-Shirt - All in Motion,269.50
526,Medium Support Seamless Racerback Midline Sports Bra - All in Motion,271.00
527,Satin Pajama Shorts - Stars Above,183.68
528,Side-Tie Adjustable Coverage High Leg Bikini Bottom - Wild Fable,271.50
529,Fleece Lounge Jogger Pants - Colsie,273.00
530,Peds Women's Sport Performance Hi-Cut Soft Nylon 4pk Liner Socks - 5-10,269.25
531,Abstract Tropical Print Tie-Front Bikini Top - Kona Sol Blue,194.00
532,Tropical Print Longline Bikini Top - Kona Sol Navy Blue,193.67
533,Avocado Toast Low Cut Socks - Xhilaration Heather Gray 4-10,267.25
534,Side-Tie Extra Cheeky Bikini Bottom - Wild Fable Orange Ombre,274.50
535,Easter Bunny Ears White and Yellow - Spritz,269.00
536,Plisse Textured High Leg Cheeky Bikini Bottom - Wild Fable,277.00
537,Abstract Tropical Print High Waist High Coverage Bikini Bottom - Kona Sol Blue,195.00
538,Ring Front Bralette Bikini Top - Wild Fable,276.50
539,One Shoulder Bow Cut Out One Piece Swimsuit - Shade & Shore,289.50
540,Beautifully Soft Ribbed Pajama Set - Stars Above,282.50
541,Ultra High-Rise Flare Leggings - All in Motion,287.50
542,Unlined Bodysuit - Auden,281.00
543,Light Support Corded Midline Racer Sports Bra - All in Motion,280.00
544,Button-Front Fine Gauge Ribbed Cardigan - A New Day,196.33
545,Cotton Gauze Shorts - Stars Above,280.00
546,Breakfast 10pk Low Cut Socks - Xhilaration Blue/Gray/Pink 4-10,277.50
547,Pucker Textured Square Neck One Piece Swimsuit - Kona Sol,211.00
548,Tube Top - Wild Fable,276.00
549,Bliss Lightly Lined Wirefree Bra - Auden,282.00
550,6pk Crew Socks - A New Day 4-10,279.50
551,True & Co. True Everybody Women's Adjustable Strap Triangle Bra,193.63
552,High Waist Ponte Leggings - A New Day Black,285.00
553,Black History Month Women's Hair Pic Short Sleeve T-Shirt - Purple,282.88
554,2pk Star Wars The Mandalorian Cozy Ankle Socks - Gray/Pink 4-10,281.50
555,Peds Women's Extended Size Mesh Striped 6pk Sport Cut Liner Socks - 8-12,283.25
556,Cropped Sweatshirt - Wild Fable,287.00
557,Ribbed Side-Tie Scoop Front High Leg Cheeky Bikini Bottom - Wild Fable,286.00
558,Smocked Bralette Bikini Top - Wild Fable,288.00
559,Peds Women's Memory Cushion 2pk Liner Socks - White 5-10,282.25
560,Underwire Bodysuit - Auden,292.50
561,Tropical 6pk Low Cut Socks - Xhilaration Blue/Pink/Gray 4-10,283.50
562,Lace-Up Cheeky Bikini Bottom - Shade & Shore,290.00
563,High-Rise Skinny Jeans - Universal Thread,199.50
564,Hanes Women's Cotton Stretch 4pk briefs - Colors May Vary,287.75
565,All Pro Women's 6pk Aqua FX No Show Socks,288.50
566,Fruit of the Loom Women's 6pk Breathable Micro-Mesh Bikini Underwear - Colors May Vary,290.00
567,Striped Beautifully Soft Pajama Shorts - Stars Above Navy,290.00
568,Slim Fit Tank Top - A New Day,286.12
569,Farm Animal 10pk Low Cut Socks - Xhilaration Gray/Blue/Yellow 4-10,289.00
570,The Rolling Stones Retro Short Sleeve Graphic T-Shirt - Charcoal Gray,290.19
571,Airy Floral Tights - A New Day Black,289.75
572,5pk Ankle Socks - Xhilaration 4-10,289.00
573,Hanes Premium Women's Pindot Perfect Tights - Black,292.00
574,Fruit of the Loom Women's Breathable Lightweight 6pk Ankle Athletic Socks 4-10,292.50
575,Floral Print Satin Pajama Cami - Stars Above Black,294.00
576,Peds Women's 2pk Extended Size Microfiber Liner Socks - 8-12,290.75
577,French Terry Modal Cardigan - All in Motion,302.50
578,Short Sleeve V-Neck Maternity T-Shirt - Isabel Maternity by Ingrid & Isabel,295.50
579,Ribbed Bralette Bikini Top - Wild Fable,297.00
580,Swim Boyshorts - Kona Sol,301.50
581,Citrus Fruits 10pk Low Cut Socks - Xhilaration Assorted Colors 4-10,295.00
582,High-Rise Boyfriend Jeans - Universal Thread,216.20
583,Hanes Premium Women's 4pk Boyfriend Cotton Stretch Boxer Briefs - Colors May Vary,301.00
584,Short Sleeve Relaxed Fit V-Neck T-Shirt - Wild Fable,296.80
585,MTV Floral Print Logo Short Sleeve Graphic T-Shirt,202.14
586,Peds Women's Grippers Tactel Nylon 2pk Liner Mule Socks - Nude One Size,295.75
587,Fruit of the Loom Women's 6pk Cotton Classic Briefs - Colors May Vary,298.39
588,Hanes Women's 6pk Cotton Ribbed Heather Briefs Assorted,299.25
589,Floral 6pk Low Cut Socks - Xhilaration Gray/Pink/Blue 4-10,297.50
590,Beautifully Soft Ribbed Cami - Stars Above,299.50
591,Cut Out One Piece Swimsuit - Wild Fable,311.50
592,Sloth 6pk Low Cut Socks - Xhilaration Assorted Colors 4-10,299.00
593,Hanes Premium Women's Perfect Blackout Tights Black,302.50
594,High-Waisted Liquid Leggings - Wild Fable,306.00
595,90s Icons 5pk Ribbed Ankle Socks - Xhilaration Black/White/Heather Gray 4-10,300.50
596,Long Sleeve Lace-Up Cozy Knit Blouse - Wild Fable,305.20
597,High-Rise Skinny Jeans - Universal Thread,219.66
598,Mesh Cover Up High Waist Flare Pants - Wild Fable,310.50
599,Fruit of the Loom Women's Cushioned 6pk No Show Athletic Socks 4-10,303.00
600,Farm Animal 6pk Low Cut Socks - Xhilaration Assorted Color 4-10,303.00
601,Sailor Moon Zip-Up Graphic Hoodie - Pink,313.00
602,Crochet Trim Triangle Bikini Top - Wild Fable Pink Floral Print,311.00
603,Cotton Seamless Thong - Auden,304.05
604,Cushioned Active Striped 6pk No Show Tab Athletic Socks - All in Motion 4-10,309.00
605,Rib-Knit Cotton Cheeky Underwear - Auden,205.37
606,6pk Winnie The Pooh Low Cut Socks - Assorted Colors 4-10,307.50
607,Crochet Bralette Bikini Top - Wild Fable,315.50
608,Side-Tie Medium Coverage Bikini Bottom - Wild Fable Orange Floral Print,311.50
609,Hanes Women's 10pk Cotton Classic Briefs - Colors May Vary,313.00
610,Tropical Print Side-Tab Medium Coverage Hipster Bikini Bottom - Kona Sol Navy Blue,315.00
611,Tie-Front Cover Up Short Sleeve Crop Top - Wild Fable White,314.50
612,3pk Liner Socks - A New Day Cream 4-10,309.00
613,Side-Slit Maxi Cover Up Dress - Kona Sol,223.67
614,Jockey Generation Women's Natural Beauty Bralette,215.77
615,Fruit of the Loom Women's 6pk Cotton Hi-Cuts - Colors May Vary,312.39
616,Seamless Tank Bodysuit - Wild Fable,314.40
617,Crossover High Leg Cheeky Mid-Rise Bikini Bottom - Wild Fable,317.50
618,Spotted Print Scoop Neck Tankini Top - Kona Sol Green,224.00
619,Fruit of the Loom Women's 6pk Breathable Micro-Mesh Hi-Cut Underwear - Colors May Vary,316.50
620,Signature Smooth Unlined Bralette - Auden,214.68
621,Scoop Front High Leg Cheeky Bikini Bottom - Wild Fable,218.66
622,Super Mario Short Sleeve Graphic T-Shirt - Blue,316.19
623,Disney Pixar 6pk Low Cut Socks - Assorted Colors 4-10,316.00
624,Hanes Premium Women's Perfect Opaque Tights Black,317.50
625,Disney Tinkerbell Short Sleeve Graphic T-Shirt - Tan,317.69
626,Forest Critters 10pk Low Cut Socks - Xhilaration Blue/Pink/Gray 4-10,317.50
627,Fruit of the Loom Women's 6pk Breathable Micro-Mesh Low-Rise Briefs - Colors May Vary,320.50
628,Sleeveless Eyelet Sun Dress - A New Day,229.00
629,French Terry Crewneck Sweatshirt - All in Motion,326.50
630,Peds Women's 2pk Extended Size Coolmax Liner Socks - 10-12,317.75
631,Joe Cool Snoopy Graphic Sweatshirt - Green,323.00
632,Super-High Rise Distressed Mom Taper Jeans - Wild Fable,328.50
633,Long Sleeve Side Ruched T-Shirt - A New Day,221.47
634,High-Rise Seamless Bike Shorts - Wild Fable,322.60
635,High-Rise Fleece Bermuda Shorts - Wild Fable,323.90
636,Contour Power Waist Mid-Rise Straight Leg Pants - All in Motion,332.00
637,Elastic Waist Swim Skirtini - Kona Sol,330.50
638,Cut Out Bodysuit - Colsie,223.77
639,Faux Wrap Halter Bikini Top - Kona Sol,227.33
640,3pk Textured Argyle Crew Socks - Universal Thread 4-10,217.65
641,High Waist Cotton Blend Seamless Leggings - A New Day,329.50
642,High-Rise Linen Wide Leg Fluid Pants - A New Day,337.00
643,Peds Women's Merino Wool 2pk Sport No Show Socks - 5-10,324.25
644,Ribbed Mid-Rise Hipster Bikini Bottom - Shade & Shore,332.00
645,High-Waisted Leggings - A New Day Black XL,330.00
646,Butterfly Charm Plisse Textured Triangle Bikini Top - Wild Fable,332.00
647,Knot Side High Waist Bikini Bottom - Shade & Shore Black,335.00
648,Puff Short Sleeve Dress - A New Day,339.00
649,Scoop Front Ultra High Leg Cheeky Bikini Bottom - Wild Fable,332.00
650,20D Sheer Tights - A New Day Black,329.25
651,3pk Textured Crew Socks - Universal Thread 4-10,329.00
652,Crewneck Boxy Pullover Sweater - Wild Fable,334.50
653,Sleeveless Dress - A New Day,345.50
654,Side Slit Tie Back Cover Up Tunic Dress - Kona Sol,235.67
655,Cropped Denim Trucker Jacket - Wild Fable,238.07
656,Side-Tab Medium Coverage Hipster Bikini Bottom - Kona Sol,337.00
657,"Risque No Show Disposable Nipple Covers, 40petals",334.98
658,Super-High Rise Tapered Jeans - Wild Fable,341.50
659,Mickey & Minnie Mouse 6pk Low Cut Socks - White/Red/Blue 4-10,334.00
660,Texas Graphic Sweatshirt - Heather Gray,340.00
661,Star Wars: The Mandalorian 6pk Low Cut Socks - Assorted Colors 4-10,335.00
662,Mesh Cover Up Short Sleeve Crop Top - Wild Fable,340.00
663,Cozy Robe + Socks - Colsie,346.38
664,Crewneck Destructed Sweater Tank Top - Wild Fable,342.00
665,Essential Crewneck Short Sleeve T-Shirt - All in Motion,338.50
666,Extra High Waisted Tummy Control Medium Coverage Bikini Bottom - Kona Sol,345.00
667,Unlined Balconette Bra - Auden,232.82
668,Long Sleeve Button-Down Shirt - Knox Rose,349.00
669,High-Rise Slim Straight Fit Ankle Pull-On Pants - A New Day Gray,238.42
670,Ruffle Cheeky Bikini Bottom - Shade & Shore,344.00
671,Peds Women's Super Soft with Traction 2pk Liner Socks - Gray 5-10,338.25
672,Long Sleeve Notch Neck Thermal Top - Knox Rose,236.92
673,Long Sleeve Fitted Sweetheart Neck T-Shirt - Wild Fable,342.88
674,2pk Corgi Cozy Low Cut Socks - Ivory 4-10,340.50
675,Spacedye 6pk Low Cut Socks - Xhilaration 4-10,340.50
676,Hanes Women's Cotton Stretch 4pk Bikini briefs - Colors May Vary,343.75
677,Side-Tie Cheeky Bikini Bottom - Wild Fable Pink Floral Print,346.00
678,High-Rise Slim Straight Fit Jeans - Universal Thread,353.00
679,High Neck Swim Romper with Pockets One Piece Swimsuit - Aqua Green®,258.00
680,Mid-Rise Jogger Pants - Knox Rose,243.16
681,Peds Women's 2pk Cushioned Liner - Nude 5-10,343.25
682,Viney Floral Tights - A New Day,346.00
683,All Pro Women's Extended Size Aqua FX Heel Toe Cushion 6pk No Show Athletic Socks - 8-12,347.50
684,Taco 3pk Liner Socks - Xhilaration Mint/Blue/White 4-10,345.00
685,Pink Floyd Short Sleeve Graphic T-Shirt - Purple,347.69
686,Racerback One Piece Swimsuit - Wild Fable,359.00
687,Flex Pleated Skorts - All in Motion,246.27
688,Fruit of the Loom® Women's 6pk Cotton Heather Bikini - Colors May Vary,348.89
689,Waffle Knit Lounge Pants - Stars Above,359.50
690,Fleece Lounge Sweatshirt - Colsie,353.50
691,All Pro Women's 6 Pack Aqua Fx Low Cut Athletic Socks - White/Purple 4-10,351.50
692,Denim Jacket - Universal Thread,364.00
693,V-Neck Pullover Sweater - A New Day Pink,357.50
694,"Contour Power Waist Mid-Rise Shorts 4"" - All in Motion",355.00
695,"Contour Curvy High-Rise Shorts 7"" - All in Motion Black",355.50
696,Playful Cats 6pk Low Cut Socks - Xhilaration Gray/White 4-10,351.00
697,Keyhole Medium Coverage Hipster Bikini Bottom - Kona Sol,243.43
698,Nightmare Before Christmas Knit Pull-On Microsuede Slipper Socks with Grippers - Black 4-10,355.00
699,Hanes Women's Cotton Stretch 4pk Hipster briefs - Colors May Vary,355.25
700,Care Bears 6pk Low Cut Socks - Assorted Colors 4-10,354.50
701,Jockey Generation Women's Seamfree Cami Strap Bralette,358.50
702,Light Support Simplicity Striped Sports Bra - All in Motion,243.87
703,V-Neck Angled Tiered Tankini Top - Aqua Green®,256.67
704,20D Sheer High Waist Control Top Tights - A New Day Honey Beige,356.25
705,Short Sleeve Pullover Blouse - Universal Thread,362.50
706,20D Sheer Control Top Tights - A New Day,357.25
707,Hanes Women's 10pk Cotton Hi-Cut Briefs - Colors and Patterns May Vary,361.50
708,Quarter Zip Sweatshirt - A New Day,364.00
709,Ribbed Plunge Twist-Front One Piece Swimsuit - Shade & Shore,374.50
710,Shirred Underwire Bikini Top - Wild Fable,366.00
711,Watermelon Puppy 3pk Liner Socks - Xhilaration Denim Heather/Heather Gray/Pink 4-10,358.50
712,Rosie the Llama Low Cut Socks - Xhilaration Charcoal Heather 4-10,356.75
713,Fruit of the Loom Women's Extended Size Cushioned 6pk No Show Athletic Socks 8-12,360.00
714,Shirred Underwire Bikini Top - Wild Fable Light Green,368.00
715,6pk Harry Potter Houses Low Cut Socks - Assorted Colors 4-10,362.00
716,Fruit of the Loom Women's Cushioned 6pk Ankle Athletic Socks 4-10,361.50
717,Twist-Front Tank Bodysuit - Wild Fable,364.90
718,Slim Fit Cropped Tiny Tank Top - Wild Fable,362.40
719,Hanes Women's Core Cotton Bikini Panties 6pk - Colors and Patterns May Vary,364.75
720,Super-High Rise Distressed Baggy Jeans - Wild Fable Medium Blue,372.50
721,Short Sleeve Essential Henley Tunic T-Shirt - Knox Rose,367.70
722,Short Sleeve Top - Knox Rose,375.00
723,Flutter Short Sleeve Embroidered Kaftan A-Line Dress - Knox Rose,381.50
724,Fruit of the Loom Women's Breathable Mesh Lightweight 6pk Liner Athletic Socks - 4-10,367.50
725,All Pro Women's 6pk Ultra Soft No Show Socks 4-10,368.50
726,Side-Tie Medium Coverage Bikini Bottom - Wild Fable Peach,370.50
727,Hanes Premium Women's 6pk Heel Toe Cushion with Arch Support No Show Socks - 5-9,369.50
728,Peds All Day Active Women's 6pk Ultra Low No Show Athletic Socks - Assorted Colors 5-10,369.75
729,Peds All Day Active Women's Extended Size 6pk Ultra Low No Show Tab Liner Athletic Socks - White/Black 8-12,370.25
730,6pk Cushioned Performance Striped No Show Athletic Socks - All in Motion,372.00
731,Simplicity Mid-Rise Leggings - All in Motion,375.50
732,Cozy Rib Straight Pants - All in Motion,263.83
733,Frida Short Sleeve Graphic T-Shirt - White,371.69
734,Hanes Women's 6pk Cotton Ribbed Heather Hipster - Assorted,372.25
735,Frida Mom Postpartum Abdominal Support Binder,385.00
736,Cactus Short Sleeve Graphic T-Shirt - Dark Mustard Yellow,251.33
737,Hanes Women's 6pk Comfort Flex Fit Seamless Boy Shorts - Colors May Vary,377.00
738,Lace-Up High Waist High Leg Extra Cheeky Bikini Bottom - Shade & Shore,380.50
739,Yellowstone Short Sleeve Graphic T-Shirt - Blue,374.69
740,Avocado & Chili 3pk Liner Socks - Xhilaration White/Black/Heather Gray 4-10,373.00
741,Ruffle Shoulder Ruched Full Coverage One Piece Swimsuit - Kona Sol,274.33
742,Smocked Waist Double Slit Maxi Skirt Cover Up Dress - Kona Sol,265.00
743,Plus Size Short Sleeve V-Neck T-Shirt - Ava & Viv Red,375.75
744,Light Support Strappy Longline Sports Bra - All in Motion,382.00
745,Marled 3pk Ankle Socks - Universal Thread Black/Navy/Gray 4-10,376.00
746,Tummy Control One Shoulder Ruched Full Coverage One Piece Swimsuit - Kona Sol,277.33
747,Ribbed Longline Bralette Bikini Top - Wild Fable,381.00
748,Scoop Bralette Bikini Top - Wild Fable Tropical Print,381.50
749,Longline Twist Bikini Top - Kona Sol,266.00
750,Long Sleeve U-Neck Tunic Top - Knox Rose,386.20
751,Long Sleeve Button-Down Shirt - Knox Rose,266.20
752,Tie-Front Ruched Full Coverage One Piece Swimsuit - Kona Sol,396.00
753,Cross Front Pucker Textured Halter Bikini Top - Wild Fable,385.50
754,Mixed Fruit 6pk Low Cut Socks - Xhilaration Assorted Colors 4-10,380.00
755,Eyelet Tank Top - Universal Thread White,391.50
756,Finish Line Striped Cushioned 6pk No Show Athletic Socks - All in Motion 4-10,385.00
757,Miller Lite Oversized Short Sleeve Graphic T-Shirt - Ivory,385.30
758,Hanes Premium Women's 4pk Cool Comfort Lightweight Liner Socks - 5-9,385.00
759,Lace Brami - Auden,387.15
760,Puff Long Sleeve V-Neck Twist Front Top - A New Day,394.00
761,Cozy Tank and Shorts Pajama Set - Colsie,388.00
762,Geo Square Sheer Tights - A New Day Black,385.25
763,All Pro Women's 3pk Ultralight Low Liner Athletic Socks - 4-10,385.50
764,Hanes Women's 6pk Comfort Flex Fit Seamless Bikini Underwear - Colors May Vary,390.50
765,Peds Women's High-Cut Full Cushion 4pk Sport No Show Socks - 5-10,386.75
766,High-Rise Slim Straight Jeans - Universal Thread Black,397.00
767,Lucky Rainbow Graphic Sweatshirt - White,393.50
768,So Soft Triangle Bralette - Auden,391.50
769,Sleeveless A-Line Dress - Knox Rose,402.00
770,Light Support Brushed Sculpt Bold Stitch Sports Bra - All in Motion,397.00
771,Light Support Brushed Sculpt Asymmetrical Sports Bra - All in Motion,395.50
772,Satin Sleep Camisole - Stars Above,392.50
773,Triangle Wrap Bikini Top - Wild Fable Multi Floral Print,396.50
774,French Terry Wide Leg Lounge Pants - Colsie,399.50
775,Flex Shirred Cropped Tank Top - All in Motion,270.33
776,Bellaband Maternity Support Belt - Isabel Maternity by Ingrid & Isabel,394.50
777,Pucker Textured High Leg Cheeky Bikini Bottom - Wild Fable,397.50
778,50D Opaque Tights - A New Day,393.25
779,Super-High Rise Distressed Straight Jeans - Wild Fable Light Wash,402.00
780,Cat 3pk Crew Socks - A New Day Black 4-10,393.00
781,Peds All Day Active Women's 6pk Ultra Low No Show Tab Liner Athletic Socks,396.25
782,High-Rise Anywhere Flare Jeans - Knox Rose,282.25
783,Fine Gauge Sweater Tank - A New Day,272.10
784,Nursing Cami - Auden,400.50
785,Grommet Scallop One Piece Swimsuit - Kona Sol,290.33
786,Fleece Lounge Sweatshirt - Colsie,403.00
787,Fashion Forms Women's Water Wear Push-Up Pads,398.00
788,Triangle Bikini Top - Wild Fable,400.00
789,Hanes Performance Women's Cushioned 6pk No Show Tab Athletic Socks 5-9,401.50
790,"Black History Month Women's High-Rise 'Bold, Black, Bougie' Athletic Jogger Pants - Beige",405.62
791,Short Sleeve Wrap Dress - Knox Rose,415.50
792,Tiered Tankini Top - Aqua Green®,286.33
793,Sublime Oversized Dalmation Graphic Sweatshirt - White,276.73
794,All Pro by Gold Toe Women's Ultra Invisible 10pk No Show Socks - Black/White/Gray 4-10,403.50
795,Bandeau Bikini Top - Wild Fable,405.00
796,Lightweight Active Mesh 6pk No Show Athletic Socks - All in Motion 4-10,405.00
797,Bishop 3/4 Sleeve Eyelet A-Line Dress - Knox Rose,417.50
798,Sleeveless Babydoll Woven Dress - Wild Fable,407.00
799,Panda 10pk Low Cut Socks - Xhilaration Black/White/Gray 4-10,404.00
800,Lightweight 10pk No Show Athletic Socks - All in Motion 4-10,408.00
801,Opaque Gold Stud Backseam Thigh Highs - A New Day Black,404.75
802,Hanes Performance Women's Lightweight 6pk Liner Athletic Socks 5-9,408.00
803,Cute Pups 6pk Low Cut Socks - Xhilaration Assorted Colors 4-10,404.50
804,Crochet Cover Up Skirt - Wild Fable Black,411.00
805,High-Rise Vintage Midi Jean Shorts - Universal Thread,279.65
806,Tie Detail Underwire Bikini Top - Wild Fable,282.66
807,Flex Ribbed High-Rise 7/8 Leggings - All in Motion,287.08
808,Empowered Women Empower Women Short Sleeve Graphic T-Shirt - Heather Gray,409.19
809,Fleece Pullover Sweatshirt - Universal Thread,417.00
810,Tie-Front Pointelle Cardigan - Wild Fable,414.35
811,Hanes Women's 6pk Pure Comfort Organic Cotton Briefs - Assorted,414.25
812,High-Rise Skinny Jeans - Universal Thread,418.00
813,Hanes Women's 6pk Hi-Cut Panties PP43WB - Colors May Vary,411.75
814,6pk Stranger Things Low Cut Socks - Assorted Colors 4-10,411.50
815,120D Blackout Tights - A New Day Black,411.75
816,3pk Geo Floral Pattern Crew Socks - A New Day Ivory/Black 4-10,411.00
817,Mixed Net Floral Tights - A New Day Black,413.50
818,Medium Support Square Neck Crossback Sports Bra - All in Motion,285.00
819,Fruit of the Loom Women's 10pk Beyondsoft Bikini Underwear - Colors May Vary,419.00
820,High-Waisted Leggings - A New Day Black L,417.50
821,Hanes Women's Cotton 6pk PP41AS Hipster briefs - Colors May Vary,415.75
822,French Terry Polo Sweatshirt - All in Motion,423.00
823,So Soft Bralette - Auden,417.88
824,Heart Detail Bralette Bikini Top - Wild Fable Purple,421.00
825,Jockey Generation Women's Recycled Seamfree Ribbed Plunge Bralette,286.10
826,High-Waisted Leggings - A New Day Black XXL,420.50
827,'Be Bright' Stars 3pk Liner Socks - Xhilaration Black/White 4-10,416.50
828,Happy Mind Short Sleeve Graphic T-Shirt - Charcoal Gray,418.00
829,Long Sleeve Embroidered Blouse - Knox Rose,291.83
830,Short Sleeve V-Neck Linen T-Shirt - A New Day,421.00
831,Hanes Women's Extended Size 10pk Low Cut Socks - 8-12,421.00
832,Hanes Premium Women's 4pk Tummy Control Briefs Underwear - Colors May Vary,425.50
833,Side-Tie Cover Up Sarong Skirt - Kona Sol,426.50
834,All Pro Women's 6pk Ultra Soft Low Cut Socks - White 4-10,423.00
835,French Terry Lounge Hooded Sweatshirt - Colsie,290.43
836,Hanes Performance Women's Extended Size Cushioned 6pk Ankle Athletic Socks - White 8-12,425.00
837,Faux Leather Relaxed Fit Blazer - A New Day Brown,438.50
838,2pk Minnie Mouse Cozy Ankle Socks - Red/White 4-10,423.50
839,High Waisted Jeggings - A New Day,429.50
840,Striped Herringbone Thigh Highs - A New Day Black,424.25
841,Beautifully Soft Leggings - Stars Above,429.00
842,Racerback Tankini Top - Aqua Green®,437.00
843,Crochet Cover Up Skirt - Wild Fable Orange,431.50
844,Guns N' Roses So Fine Short Sleeve Graphic T-Shirt - Gray,428.00
845,Hanes Premium 6 Pack Women's Cushioned No Show Socks - White 8-12,428.50
846,Cotton Seamless Bralette - Auden,429.38
847,Slim Fit Tank Top - A New Day,434.50
848,Keep It Kind Graphic Sweatshirt - Blue,434.00
849,Everyday Lightly Lined Demi T-Shirt Bra - Auden,289.16
850,Bishop 3/4 Sleeve Embroidered Blouse - Knox Rose,304.33
851,Jewel Fishnet Tights - A New Day Black,430.60
852,Hanes Premium Women's Cushioned 6pk No Show Socks - Black 5-9,432.00
853,Short Sleeve Oversized Graphic T-Shirt - Wild Fable,432.90
854,High-Waist Seamless French Terry Leggings - A New Day,436.00
855,High-Rise Utility Ankle Pants - A New Day,441.50
856,Multipattern 6pk Crew Socks - A New Day White 4-10,432.50
857,All Pro Women's 6pk Pack Aqua No Show Cush & Tab Athletic Socks - White 4-10,434.50
858,Short Sleeve Relaxed Fit V-Neck Cropped T-Shirt - Wild Fable,291.50
859,Nickelodeon Rugrats 6pk Low Cut Socks - Assorted Colors 4-10,434.00
860,Perfectly Cozy Long Sleeve Notch Collar Gown - Stars Above Gray,438.50
861,3pk Pointelle Stitch Ankle Socks - Universal Thread 4-10,434.00
862,Fleece Lounge Shorts - Colsie,438.50
863,High-Rise Skinny Jeans - Universal Thread Black,445.50
864,One Shoulder Plunge Cut Out One Piece Swimsuit - Shade & Shore,452.00
865,Cozy Ribbed Crossover Waistband Flared Legging Pajama Pants - Colsie,442.50
866,Fruit of the Loom Women's Seamless Hipster 6pk -Colors May Vary,441.44
867,Puff 3/4 Sleeve Dress - A New Day,311.33
868,Seamless Cable Knit Bra - JoyLab,442.50
869,Jockey Generation Women's Seamfree® Tank Strap Bralette,442.50
870,Tie-Front Pique Textured Bralette Bikini Top - Wild Fable,444.00
871,6pk Lightweight Varsity Striped Liner Athletic Socks - All in Motion Assorted Colors 4-10,442.50
872,Plus Size Lace Briefs - Auden,294.63
873,Extended Size Cushioned Active Accents 4pk No Show Tab Athletic Socks - All in Motion Gray/White 8-12,442.50
874,2pk Lilo & Stitch Cozy Ankle Socks - Blue/Pink 4-10,441.50
875,Tiered Maxi Cover Up Dress - Kona Sol,451.50
876,Crochet Necklace Plunge One Piece Swimsuit - Shade & Shore Black,458.00
877,Spacedye Lightweight 4pk Liner Athletic Socks - All in Motion 4-10,444.50
878,Rainy Barnyard Animals 3pk Liner Socks - Xhilaration Heather Gray/Black/White 4-10,442.00
879,Triangle Bikini Top - Shade & Shore Floral Print,451.00
880,Hanes Premium Women's 4pk Boyfriend Cotton Stretch Boxer Briefs -Colors May Vary,449.50
881,2pk Colorblock Ribbed Super Soft Crew Socks - Universal Thread 4-10,444.00
882,Pullover Maternity Sweatshirt - Isabel Maternity by Ingrid & Isabel,454.00
883,Striped Accents Cushioned 3pk No Show Double Tab Athletic Socks - All in Motion 4-10,446.50
884,6pk Cushioned Mesh Finish Line No Show Athletic Socks - All in Motion 4-10,449.00
885,4pk Cushioned Diamond Accents No Show Athletic Socks - All in Motion,448.50
886,Open Fishnet Tights - A New Day,448.00
887,All Pro Women's 6pk Sport Liner Athletic Socks - White/Black/Gray 4-10,449.50
888,Outline Rose Sheer Anklet Socks - A New Day Black 4-10,446.00
889,Camping Critters 6pk Low Cut Socks - Xhilaration Blue/Purple/Gray 4-10,447.50
890,Long Sleeve Embroidered Top - Knox Rose,311.17
891,Plus Size High-Rise Ankle Skinny Jeans - Ava & Viv,458.25
892,Cropped Hoodie - Wild Fable,453.65
893,Baby Tank Top - Future Collective with Gabriella Karefa-Johnson,450.50
894,Chevron Cushioned 4pk No Show Athletic Socks - All in Motion 4-10,452.10
895,Spaghetti Strap Bodysuit - Wild Fable,305.72
896,NBA Warriors Oversized Graphic Hoodie - Blue,460.00
897,3/4 Sleeve A-Line Dress - Knox Rose,467.50
898,Lace-Up Longline Bikini Top - Wild Fable,460.00
899,Hanes Premium Women's Extended Size Cool Comfort Lightweight 6pk No Show Socks,455.50
900,Whitney Houston Short Sleeve Graphic T-Shirt - Ivory,455.19
901,Spring Open Layering Duster Sweater - Ava & Viv,466.50
902,Cushioned 6pk Liner Athletic Socks - All in Motion 4-10,458.00
903,Hope & Henry Womens' Short Sleeve A-Line Dress,476.48
904,High Support Embossed Racerback Run Sports Bra - All in Motion,319.83
905,Protect Your Peace Graphic Sweatshirt - Cream,462.50
906,Seamless Briefs 6pk - Auden Assorted,458.00
907,Lightweight 4pk Liner Athletic Socks - All in Motion 4-10,459.50
908,Mid-Rise Swim Bikini Briefs - Aqua Green®,465.50
909,Shirred Side Hipster Bikini Bottom - Shade & Shore Multi Floral Print,464.50
910,Brushed Sculpt Corded High-Rise Leggings - All in Motion,468.60
911,Women’s High Support Sculpt Zip Front Bra - All in Motion,467.50
912,Cushioned 4pk No Show Athletic Socks - All in Motion 4-10,462.00
913,High Neck Tankini Top - Kona Sol,323.33
914,Elbow Sleeve Smocked Maternity Top - Isabel Maternity by Ingrid & Isabel,469.00
915,Valentine's Day Pajama Set,468.12
916,Disney 100 Mickey Mouse Clubhouse 6pk Low Cut Socks - Assorted Colors 4-10,462.50
917,Hanes® Premium Women's Smoothing Seamless 3pk Basic High Cut Briefs - Colors May Vary,468.00
918,Short Sleeve V-Neck Maternity T-Shirt - Isabel Maternity by Ingrid & Isabel,465.50
919,High-Rise Slim Straight Jeans - Universal Thread Medium Wash,471.50
920,Plus Size Satin Tank Top - Ava & Viv,471.00
921,Hanes Performance Women's Extended Size Cushioned 6pk No Show Athletic Socks 8-12,467.50
922,Bishop Long Sleeve Blouse - Knox Rose,325.83
923,Mid-Rise Straight Leg Ankle Utility Pants - Knox Rose Brown,474.25
924,Ruffle High Leg Extra Cheeky Bikini Bottom - Shade & Shore,471.00
925,Boyz N The Hood Short Sleeve Graphic T-Shirt - Charcoal Gray,467.69
926,Leopard Print Twist-Front Bikini Top - Kona Sol Cream,325.67
927,"Contour Power Waist High-Rise Shorts 11"" - All in Motion Black",472.50
928,Drawstring High-Waist Lounge Leggings - A New Day,474.00
929,Fruit of the Loom Women's Seamless Hi-Cut 6pk Underwear - Colors May Vary,473.00
930,Jockey Generation Women's Retro Vibes Ribbed Jogger Pajama Pants,323.57
931,Sailor Moon Cropped Short Sleeve Graphic T-Shirt - Blue,471.50
932,Flutter Sleeve Eyelet Embroidered Top - Knox Rose,481.00
933,Shimmer Bralette - Colsie,472.02
934,Henley Neck Sweater - A New Day,481.00
935,3pk Garter Stitch Ankle Socks - Universal Thread 4-10,471.00
936,Drawstring High Waisted Lounge Leggings with Pockets - A New Day Black,478.00
937,U-Neck Slim Fit Tank Top - A New Day,471.70
938,Hanes Premium Performance Women's Lightweight Textured Arch 6pk No Show Athletic Socks 5-9,476.00
939,Lightweight Mesh Striped L-Band 6pk No Show Athletic Socks - All in Motion 4-10,476.50
940,French Terry Crewneck Sweatshirt - All in Motion,328.13
941,High-Rise Slim Fit Ankle Pants - A New Day,485.00
942,Active Sole Cushioned 4pk No Show with Heel Tab Athletic Socks - All in Motion 4-10,477.00
943,Peds Women's Tie-Dye Mesh 4pk Ultra Low Liner Casual Socks 5-10,475.75
944,Over Belly Skinny Maternity Jeans - Isabel Maternity by Ingrid & Isabel Dark Wash,487.00
945,Heart Detail Ultra High Leg Cheeky Bikini Bottom - Wild Fable Purple,481.50
946,Demi Daydream Push-Up Bra - Auden,324.58
947,All Pro by Gold Toe Women's Lightweight 10pk No Show Athletic Socks - 4-10,480.00
948,Powersox Women's Cushioned 6pk No Show Tab Athletic Socks,481.00
949,Pique Textured High Leg Cheeky High Waist Bikini Bottom - Wild Fable,484.50
950,Fleece Shawl Collar Jacket - Knox Rose,494.00
951,Shirred V-Neck One Piece Swimsuit - Aqua Green®,498.00
952,Ribbed Cheeky Bikini Bottom - Shade & Shore Lavender,486.00
953,Minnie Mouse Polka Dot Slipper Socks with Pom Poms and Grippers - Red 4-10,482.50
954,Colorful Print Checkered Wide Leg Graphic Pants,487.00
955,Shirred Underwire Bikini Top - Wild Fable Cherry Print,488.50
956,Ultra Cheeky Bikini Bottom - Wild Fable,485.50
957,Cinch-Front One Piece Swimsuit - Aqua Green®,501.00
958,Zion Graphic Sweatshirt - Orange Tie-Dye,489.00
959,Disney Grogu Stronger Than You Think Graphic Sweatshirt - Blue,488.85
960,Hanes Women's 10pk Cotton Bikini Underwear - Colors May Vary,488.00
961,Shoulder Tie Bralette Bikini Top - Wild Fable Peach Paisley Print,488.00
962,Fruit of the Loom Women's Breathable Lightweight 6pk Liner Athletic Socks 4-10,486.50
963,Short Sleeve Essential T-Shirt Maternity Dress - Isabel Maternity by Ingrid & Isabel,493.50
964,Fruit of the Loom Women's 10pk Beyondsoft Hipster Underwear - Colors May Vary,491.50
965,Cut Out Cross Front Bralette Bikini Top - Wild Fable Orange,491.50
966,Plunge Flounce Neckline One Piece Swimsuit - Shade & Shore,503.00
967,Bell Long Sleeve Blouse - Wild Fable,494.50
968,Yellowstone Dutton Ranch Graphic Sweatshirt - Black,492.00
969,All Pro Women's Perfect Heel Forming Fit 6pk Liner Athletic Socks - White/Gray/Black 4-10,490.50
970,French Terry Scoop Sweatshirt - Universal Thread,499.00
971,Hanes Premium 6pk Women's Comfort Soft Lightweight Crew Socks - Black,329.83
972,Ruffled V-Neck Longline Triangle Bikini Top - Shade & Shore,497.50
973,Hipster Bikini Bottom - Shade & Shore Multi Floral Print,496.50
974,Contour Curvy High-Rise Straight Leg Pants with Power Waist - All in Motion,501.00
975,Waffle Knit Lounge Sweatshirt - Stars Above,502.50
976,Fashion Forms® Women's Lift It Up Plunge Backless/Strapless Adhesive Bra - Beige,499.00
977,TLC Short Sleeve Graphic T-Shirt - Light Blue,494.50
978,Puff 3/4 Sleeve Jumpsuit - Knox Rose,509.00
979,Flutter Short Sleeve Top - Knox Rose,504.50
980,All Pro Women's Lightweight 10pk No Show Tab Socks - White/Gray/Black 5-10,496.50
981,Super-High Rise Straight Jeans - Wild Fable Black Wash,503.00
982,3pk Serene Floral Crew Socks - A New Day Ivory/Heather Gray/Blue 4-10,494.00
983,Hanes Women's 6pk Pure Comfort Organic Cotton Hipster Underwear - Assorted,500.25
984,'Hoppy St. Paddy's Day' St. Patrick's Day Knee High Socks - Navy/Green 4-10,494.50
985,Tab Side Cheeky Bikini Bottom - Wild Fable,500.00
986,Fruit of the Loom Women's 6pk Cotton Heather Low-Rise Briefs - Colors May Vary,497.89
987,Diamond Openwork Tights - A New Day Black,497.75
988,20D Light Sheer Sparkle Control Top Tights - A New Day Sand,498.25
989,Lightweight 6pk Liner Athletic Socks - All in Motion 4-10,501.50
990,Side-Tie Adjustable Coverage Bikini Bottom - Wild Fable,502.50
991,Sleeveless Corset Satin Bodycon Dress - Wild Fable,513.00
992,Warm Essentials by Cuddl Duds Women's Active Thermal Crewneck Top,506.00
993,DENIZEN® from Levi's® Women's High-Rise Skinny Jeans,346.66
994,Enough Plants Short Sleeve Graphic T-Shirt - Blue,501.00
995,DENIZEN® from Levi's® Women's Mid-Rise Bootcut Jeans,512.50
996,Padded Seamless Bandeau - Auden,504.50
997,3pk Floral Liner Socks - A New Day Cream/Gray 4-10,501.50
998,3pk Contemporary Floral Crew Socks - A New Day Brown Heather/Ivory 4-10,502.00
999,Bandeau Flounce Front Ruched Full Coverage One Piece Swimsuit - Kona Sol Cream,361.67
1000,Velour Sweatshirt - JoyLab,511.90
1001,High-Rise Slim Straight Jeans - Universal Thread Dark Wash,512.50
1002,3pk Mesh Stripe No Show Tab Athletic Socks - All in Motion White/Light Gray/Dark Gray 4-10,506.00
1003,Jockey Generation Women's Modal Tank,507.50
1004,Cushioned Cheetah Mesh Pattern 4pk No Show Double Tab Athletic Socks - All in Motion White 4-10,508.00
1005,High-Rise Cutoff Jean Shorts - Wild Fable,509.70
1006,Side Tab High Leg Cheeky Bikini Bottom - Wild Fable Orange,510.50
1007,Lilo & Stitch Fluffy Slipper Socks with Grippers - Blue,509.50
1008,High Waist Medium Coverage Bikini Bottom - Kona Sol,514.00
1009,Hanes Premium Women's 6pk Heel Toe Cushion with Arch Support Super No Show Socks - 5-9,510.50
1010,Faux Leather Moto Jacket - Wild Fable Black,526.00
1011,All Pro Women's 6pk No Show Double Tab Athletic Socks - 4-10,511.50
1012,Seamless Crossover Waistband Bike Shorts - Colsie,513.50
1013,80D Super Opaque Tights - A New Day Black,510.75
1014,10pk Cushioned Marled Heel/Toe No Show Athletic Socks - All in Motion White 4-10,515.00
1015,Short Sleeve Lace-Up Back Fitted Romper - Wild Fable,518.50
1016,Long Sleeve Popover Top - A New Day,518.62
1017,Tall Triangle Bikini Top - Wild Fable,517.50
1018,Sweater Tank Top - A New Day Green,518.00
1019,Short Sleeve Lace-Up Top - Knox Rose,523.50
1020,Maidenform Self Expressions Women's Side Smoothing Strapless Bra SE6900,520.00
1021,Easy Seamless Cami - A New Day,516.50
1022,Lightly Lined Wirefree Lounge Bra - Auden,349.92
1023,Seamless Bodysuit - Colsie,519.00
1024,Hanes Premium Women's Pinstripe Perfect Tights - Black,517.50
1025,Crochet Triangle Bikini Top - Wild Fable Peach,524.50
1026,ASSETS by SPANX Women's All Over Faux Leather Leggings,533.00
1027,Denim Lace-Front Corset Tank Top - Wild Fable,524.50
1028,Super-High Rise Distressed Mom Jeans - Wild Fable Light Wash,525.00
1029,Colorblock Lightweight 3pk Liner Athletic Socks - All in Motion Assorted Color 4-10,519.50
1030,Tie Back Tankini Top - Kona Sol,362.33
1031,Ruffle Cheeky Bikini Bottom - Shade & Shore Violet,524.50
1032,Triangle Bikini Top - Wild Fable Purple Butterfly Print,523.50
1033,Simply Perfect by Warner's Women's Underarm Smoothing Seamless Wireless Bra,527.50
1034,2pk Cow Cozy Low Cut Socks - Purple 4-10,520.50
1035,Ruffle Shoulder Plunge One Piece Swimsuit - Shade & Shore Ditsy Floral Print,537.50
1036,Mid-Rise Tapered Fit Pants - Knox Rose,535.50
1037,High Leg Cheeky High Waist Bikini Bottom - Wild Fable Black,528.50
1038,Fruit of the Loom Women's 6pk Comfort Supreme Briefs - Colors May Vary,526.50
1039,Puff Short Sleeve Peasant Top - Universal Thread,532.00
1040,Sailor Moon Wide Leg Graphic Pants - Pink,531.00
1041,High-Rise Slim Fit Bi-Stretch Ankle Pants - A New Day,364.88
1042,High-Rise Slim Fit Effortless Pintuck Ankle Pants - A New Day,536.00
1043,Black History Month Target x Sammy B Women's Long Sleeve Mesh Bodycon Dress - Pink Floral,540.62
1044,ASSETS by SPANX Women's High-Waist Mid-Thigh Super Control Shaper,534.00
1045,High-Rise Cargo Pants - Future Collective with Gabriella Karefa-Johnson,540.50
1046,V-Neck Tunic Sweater - A New Day,534.25
1047,High-Rise Crochet Knit Flare Pants - Wild Fable,533.50
1048,High Neck Babydoll - Auden,536.50
1049,High-Rise Raw Hem Taper Denim Cropped Overalls - Universal Thread,544.50
1050,Woven Peek-a-Boo Tie-Front Maternity Dress - Isabel Maternity by Ingrid & Isabel Tan Floral,541.00
1051,Monster High Cropped Short Sleeve Graphic T-Shirt - Black,531.50
1052,3pk Cow Print Liner Socks - A New Day Ivory/Black/Brown 4-10,529.00
1053,Long Sleeve Thermal Top - Knox Rose,536.50
1054,Crewneck Pullover Sweater - A New Day,366.75
1055,Maternity Jumpsuit - Isabel Maternity by Ingrid & Isabel,545.50
1056,Cushioned Active Accents 6pk No Show Athletic Socks - All in Motion 4-10,535.00
1057,ASSETS by SPANX Women's Seamless Leggings - Black,543.50
1058,Slim Fit Seamless Ribbed Tank Top - A New Day,536.20
1059,Long Sleeve Fit T-Shirt - A New Day,538.30
1060,U-Wire Halter Bandeau Bikini Top - Shade & Shore Floral Print,541.50
1061,Maidenform Self Expressions Women's Multiway Push-Up Bra SE1102,540.50
1062,Mesh Insert High Waist Bikini Bottom - Shade & Shore Black,542.50
1063,Long Sleeve Twist Cut Out Dress - A New Day,550.50
1064,Sanrio Badtz Maru Graphic Sweatshirt - Green,543.00
1065,Checkerboard Sheer Anklet Socks - A New Day Black 4-10,534.50
1066,Over Belly Ponte Maternity Pants - Isabel Maternity by Ingrid & Isabel,547.00
1067,One Shoulder Seamless Ribbed Tank Top - A New Day,540.70
1068,Ruffle Extra Cheeky Bikini Bottom - Shade & Shore Black,543.00
1069,All Pro Women's Extended Size Aqua FX 6pk No Show Athletic Socks - White 8-12,540.50
1070,Hanes Premium Women's Cool & Comfortable Microfiber Briefs 4pk,368.38
1071,Demon Slayer Short Sleeve Graphic T-Shirt - Black,540.70
1072,High Waist Bikini Bottom - Kona Sol,547.50
1073,Double O-Ring with Lace-Up Back One Piece Swimsuit - Shade & Shore Off-White,557.50
1074,High-Rise Skinny Utility Pants - Knox Rose,552.00
1075,6pk Lilo & Stitch Tie-Dye Low Cut Socks - Assorted Colors 4-10,542.00
1076,Ruffle Detail Triangle Bikini Top - Wild Fable Orange Gingham,548.00
1077,Hanes Premium 6 Pack Women's Comfort Soft Lightweight Low Cut Socks,543.50
1078,Fine Gauge V-Neck Sweater - A New Day,372.53
1079,Star Wars 6pk Low Cut Socks - Assorted Colors 4-10,544.00
1080,Balloon Long Sleeve Woven Dress - Ava & Viv,557.50
1081,High-Rise Slim Fit Kick Flare Pull-On Pants - A New Day,555.00
1082,Hanes® Premium Women's Smoothing Seamless 3pk Briefs - Colors May Vary,550.50
1083,3pk Cushioned Tie-Dye and Striped Ankle Socks - Universal Thread 4-10,545.00
1084,Hanes Performance Women's Cushioned 6pk Crew Athletic Socks - Black 5-9,549.00
1085,Full-Zip Windbreaker Jacket - All in Motion,562.50
1086,Mid-Rise French Terry Acid Wash Jogger Pants - JoyLab,382.97
1087,Jockey Generation Women's Slimming Tank Undershirt,552.50
1088,Ribbed Sweater Skirt - A New Day,556.50
1089,Side-Tie Adjustable Coverage Ultra High Leg Bikini Bottom - Wild Fable Floral Print,552.00
1090,Crossover V-Waistband Leggings - A New Day Black,555.00
1091,Light Support Brushed Strappy Crop Sports Bra - All in Motion,555.50
1092,Animal Yogis 3pk Liner Socks - Xhilaration Blue/White/Gray 4-10,549.00
1093,Cozy Hacci Leggings with Pockets - A New Day,555.50
1094,Light Support Brushed Sculpt Halter Midline Sports Bra - All in Motion,555.00
1095,Split Swim Skirt - Aqua Green® Black,560.50
1096,Scoop Front High Leg Cheeky Bikini Bottom - Wild Fable Light Green,555.50
1097,Wide Ribbed Ring Medium Coverage One Piece Swimsuit - Kona Sol,568.50
1098,Hanes Women's Cotton Sporty 6pk Boy Shorts - Colors May Vary,554.25
1099,Jockey Generation Women's Slimming Shorts,556.50
1100,Summer Sloth and Panda 3pk Liner Socks - Xhilaration Mint/White/Heather Gray 4-10,553.00
1101,Lucky Charms Oversized Short Sleeve Graphic T-Shirt - Tie-Dye,557.29
1102,Striped Racerback Tankini Top - Kona Sol Navy Blue,564.50
1103,Fruit of the Loom Women's Extended Size Cushioned 6pk Ankle Athletic Socks 8-12,555.00
1104,Ruffle Triangle Bikini Top - Wild Fable,561.00
1105,Lightly Lined Strapless Bra - Auden,560.00
1106,Extended Size Active Accents Cushioned 4pk No Show Tab Athletic Socks - All in Motion 8-12,559.00
1107,High Support Convertible Strap Sports Bra - All in Motion,381.14
1108,V-Neck Destructed Pullover Sweater - Wild Fable,565.20
1109,Chiffon Midi Skirt - Wild Fable,567.00
1110,Fishnet Anklet with Bow - A New Day,557.00
1111,Balloon Long Sleeve Shirtdress - Ava & Viv,573.00
1112,Seamless Ribbed Leggings - Colsie,564.50
1113,Super-High Rise Vintage Straight Jeans - Universal Thread Medium Wash,572.50
1114,Denim Jacket - A New Day Blue,573.15
1115,Wirefree Nursing Bra - Auden,382.14
1116,Flyaway Bandeau Tankini Top - Kona Sol Multi,391.00
1117,Simplicity High-Rise Striped Leggings - All in Motion,387.13
1118,Faux Sarong Skirtini Bikini Bottom - Shade & Shore White,571.00
1119,Double Tunnel Bikini Top - Kona Sol,387.33
1120,High-Rise Utility Pants - Universal Thread,393.33
1121,Cheeky Bikini Bottom - Wild Fable Peach Paisley Print,568.00
1122,Super-High Rise Tapered Jeans - Wild Fable Black Denim,573.50
1123,2pk Flowers & Mushrooms Cozy Liner Socks - Ivory 4-10,565.00
1124,Simply Perfect by Warner's Women's Super Soft Wirefree Bra,573.00
1125,Seamless Bikini 6pk - Auden Assorted,567.50
1126,Unders by Proof Period Underwear Regular Absorbency Brief - Black,578.00
1127,Mini A-Line Skirt - Wild Fable,572.50
1128,Mid-Rise Boyfriend Jeans - Universal Thread Light Wash,582.00
1129,100% Cotton Gauze Sleep Dress - Stars Above,575.50
1130,Cropped Hooded Sweatshirt - Wild Fable,575.00
1131,Short Sleeve Slim Fit Scoop Neck T-Shirt - A New Day,379.75
1132,Jockey Generation Women's Retro Vibes Ribbed Pajama Shorts,387.82
1133,Cushioned 4pk No Show Athletic Socks - All in Motion 4-10,572.50
1134,Pucker Square Neck Wide Strap Bralette Bikini Top - Wild Fable,576.00
1135,6pk Nightmare Before Christmas Low Cut Socks - Assorted Colors 4-10,572.00
1136,Hanes Premium Women's Cool & Comfortable Microfiber Bikini Panties 4pk,390.38
1137,Pucker Textured Ring Detail Monokini One Piece Swimsuit - Shade & Shore,589.50
1138,Mommy & Me Matching Family Pajama Set - White,582.50
1139,Side-Tie Pique Textured Cheeky Bikini Bottom - Shade & Shore Dark Green,578.50
1140,Ribbed Square Neck Bralette Bikini Top - Wild Fable,579.00
1141,All Pro Women's 6pk Pack Aqua No Show Cush Athletic Socks - Gray 4-10,576.50
1142,Easter Bunny Ears Premium Light Up - Spritz,573.50
1143,Lace Trim Sleep Cami - Colsie,575.50
1144,Cushioned Camo 6pk No Show Athletic Socks - All in Motion Assorted Colors 4-10,579.00
1145,6pk Lettuce Edge Ankle Socks - A New Day 4-10,577.00
1146,Ruched Ponte Mini Skirt - A New Day Black,585.50
1147,French Terry Oversized Lounge Sweatshirt - Colsie,586.00
1148,Fruit of the Loom Women's Breathable Lightweight 6pk No Show Tab Athletic Socks 4-10,579.50
1149,Mid-Waist Extra High Leg Cheeky Bikini Bottom - Wild Fable,582.00
1150,Strappy Lace-Up Peplum Tank Top - Wild Fable,585.00
1151,3pk Sunflower Liner Socks - A New Day Oatmeal Heather/Yellow 4-10,578.50
1152,20D Sheer Thigh Highs - A New Day Black,581.00
1153,High Leg Cheeky Bikini Bottom - Wild Fable Orange Gingham,585.50
1154,Chicago Bulls NBA Graphic Slim Pants - Black,398.66
1155,Lace Nursing Bralette - Auden,586.00
1156,Cushioned Marl Striped 6pk No Show Athletic Socks - All in Motion Assorted Colors 4-10,585.00
1157,High-Rise Flare Jeans - Universal Thread,596.50
1158,2pk Hedgehog & Checkers Cozy Low Cut Socks - Pink 4-10,582.50
1159,NBA Lakers Oversized Short Sleeve Graphic T-Shirt - White,587.50
1160,Plus Size Balloon Long Sleeve Blouse - Ava & Viv,592.50
1161,2pk Cat Cozy Liner Socks - Gray 4-10,584.00
1162,Plunge V-Neck Strappy Back Tankini Top - Kona Sol,596.00
1163,Drape Front Jacket - Knox Rose,601.50
1164,Ruffle Cheeky Bikini Bottom - Shade & Shore Purple Floral Print,591.00
1165,Lace-Up Longline Bikini Top - Wild Fable Neon Green,592.50
1166,Cross Front Cut Out Bodysuit - Wild Fable,589.80
1167,Hanes Performance Women's Extended Size Lightweight 6pk Liner Athletic Socks - Black/White 8-12,590.50
1168,Hanes Premium Women's 6pk Cool Comfort Lightweight Crew Socks - 5-9,590.00
1169,V-Neck Fuzzy Sweater Tank - A New Day,591.65
1170,2pk Harry Potter Cozy Ankle Socks - Red/Blue 4-10,589.50
1171,Proof Underwear Heavy Absorbency Underwear - Black,603.00
1172,Mesh Longline Bralette - Auden,593.50
1173,The Rolling Stones Short Sleeve Graphic T-Shirt,592.02
1174,Super-High Rise Mom Taper Jeans - Wild Fable Black Wash,596.35
1175,Lightweight Pebble Patterned 6pk No Show Athletic Socks - All in Motion - White/Heather Gray 4-10,594.50
1176,High-Rise Midi Jean Shorts - Universal Thread,596.80
1177,Cotton Everyday Demi T-Shirt Bra - Auden,398.49
1178,Side-Tie Cheeky Bikini Bottom - Shade & Shore Multi Tropical Print,599.00
1179,Cheeky Bikini Bottom - Shade & Shore Off-White,598.50
1180,Satin and Mesh Bralette - Auden,596.38
1181,Ribbed Triangle Bikini Top - Wild Fable Geo Print,599.50
1182,Lace and Mesh Bralette - Auden,598.50
1183,Floral 3pk Crew Socks - A New Day Ivory/Heather Brown 4-10,594.50
1184,SmileyWorld Smile More Graphic Sweatshirt - Blue,599.00
1185,Cushioned 6pk Low Cut Athletic Socks - All in Motion 4-10,599.50
1186,"Risque Stickies Reusable Nipple Covers, 2Cover(s)",600.48
1187,Short Sleeve Button-Front Fitted Polo T-Shirt - Wild Fable,599.50
1188,Care Bears Cropped Short Sleeve Graphic T-Shirt - Green,599.20
1189,4pk Lightweight Random Feed No Show Athletic Socks - All in Motion Assorted Grays 4-10,600.50
1190,Quilted Crew Sweatshirt - All in Motion,607.75
1191,Striped Racerback Tankini Top - Kona Sol Multi,415.00
1192,Bishop 3/4 Sleeve Embroidered Top - Knox Rose,611.00
1193,High Leg Cheeky Bikini Bottom - Wild Fable Blue Marble Print,604.00
1194,Cut Out One Shoulder Bikini Top - Wild Fable,606.00
1195,Hanes Performance Women's Extended Size Lightweight Textured Arch 6pk No Show Athletic Socks 8-12,604.50
1196,Velour Tank and Shorts Pajama Set - Colsie,605.65
1197,Cropped Kick Flare Pull-On Pants - A New Day,610.83
1198,ASSETS by SPANX Women's Remarkable Results All-In-One Body Slimmer,618.00
1199,Fruit of the Loom Women's 10pk Cotton Briefs - Colors May Vary,607.25
1200,Balloon 3/4 Sleeve Woven Top - Knox Rose,615.00
1201,Hanes Premium Women's Back Seam Thigh High,605.00
1202,Cotton Seamless Brami - Auden,607.38
1203,High-Rise Slim Straight Fit Ankle Pull-On Pants - A New Day Heather Gray,416.42
1204,U-Neck Multi-Way Bralette Bikini Top - Wild Fable Black & White Check Print,611.00
1205,Tie-Front Dolman Short Sleeve T-Shirt - Ava & Viv,609.70
1206,Super-High Rise Slim Straight Jeans - Wild Fable White,615.50
1207,Pucker Texture Square Neck Bikini Top - Kona Sol,615.00
1208,Shades of Beauty Short Sleeve Graphic T-Shirt - Beige,609.20
