Cloth_Desc,Price
High-Waisted Classic Leggings - Wild Fable Black,7.00
Tiny Tank Top - Wild Fable,4.00
90 Degree by Reflex - Women's Soft Comfy Lounge Shorts with Pockets,19.99
Tonal Shamrocks St. Patrick's Day Crew Socks - Dark Green 4-10,4.00
Short Sleeve Casual T-Shirt - A New Day,4.80
Plush Cotton Unisex Adult Bathrobe - Blue Nile Mills,58.49
Gradient Shamrock St. Patrick's Day Low Cut Socks - Black 4-10,2.00
Short Sleeve Ribbed T-Shirt - A New Day,6.40
"Alexander del Rossa Women's Raglan Sleep Shirt with Pockets, Long Sleeve Nightshirt, Lightweight Nightgown",24.99
Short Sleeve Extended Shoulder T-Shirt - A New Day,8.00
Short Sleeve T-Shirt - Wild Fable,4.00
"Alexander del Rossa Women's Raglan Sleep Shirt, Short Sleeve Nightshirt, Lightweight Nightgown",18.99
Long Sleeve Relaxed Fit Collared Button-Down Shirt - Universal Thread,25.00
Fashion Forms Women's Reusable Silicone Gel Petals,8.99
Slim Fit Square Neck Tank Top - A New Day,6.40
Elbow Sleeve Boxy Cropped T-Shirt - A New Day,9.60
Short Sleeve V-Neck T-Shirt - A New Day,4.80
Fashion Forms Women's Dress Tape With Dispenser,7.99
Laser Cut Thong - Auden,4.62
Doxie St. Patrick's Day Crew Socks - Dark Green 4-10,4.00
Multipattern 6pk Crew Socks - A New Day Black 4-10,9.00
Laser Cut Cheeky Underwear - Auden,4.62
Slim Fit Cropped Cami Tank Top - Wild Fable,2.40
Irish Pug St. Patrick's Day Crew Socks - Green 4-10,4.00
Guinea Pig Low Cut Socks - Xhilaration Pink One Size,1.50
Stretch Woven Tapered Cargo Pants - All in Motion,27.75
Long Sleeve Ribbed T-Shirt - A New Day,9.60
High-Rise Tapered Ankle Pull-On Pants - A New Day,25.00
Square Neck Tank Top - A New Day,5.60
Short Sleeve V-Neck Cropped T-Shirt - Wild Fable,3.88
"Alexander Del Rossa Women's Warm Winter Robe, Plush Fleece Full Length Long Bathrobe",49.99
Lucky Llama St. Patrick's Day Crew Socks - Green 4-10,4.00
Laser Cut Hipster - Auden,5.00
Smocked Waist Side Slit Cover Up Pants - Kona Sol,26.50
Laser Cut Cheeky Bikini Underwear - Auden,4.62
Sparkly Low Cut Socks - Xhilaration 4-10,1.50
Micro Hipster Underwear - Auden,4.62
'Top of the Meowning to Ya' St. Patrick's Day Crew Socks - Heather Gray 4-10,4.00
Beautifully Soft Fleece Lounge Jogger Pants - Stars Above,19.99
Oversized Long Sleeve Button-Down Shirt - Universal Thread,25.00
Muscle Tank Top - A New Day,6.40
Seamless Thong - Auden,5.50
Short Sleeve T-Shirt - Universal Thread,8.00
High-Waisted Ribbed Flare Leggings - Wild Fable,22.00
Slim Fit Short Sleeve V-Neck T-Shirt - Universal Thread,8.00
Rainbow with Fuzzy Clouds Low Cut Socks - Xhilaration Oatmeal Heather 4-10,1.50
Long Sleeve Button-Down Cropped Shirt - Universal Thread,25.00
Hanes Premium 6 Pack Women's Cushioned Ankle Socks - 5-9,11.99
Allover Lace Thong - Auden,6.00
Bonded Micro Thong - Auden,5.00
Bonded Micro Bikini Underwear - Auden,5.00
Perfectly Cozy Lounge Jogger Pants - Stars Above,19.99
Cotton Comfort Hipster Underwear - Auden,6.00
Comfort Bikini Underwear - Auden,5.00
Button-Up Cover Up Shirtdress - Kona Sol,29.00
Cozy Chenille Robe - Stars Above,37.99
Shamrock St. Patrick's Day Cozy Crew Socks - White 4-10,5.00
Cotton Bikini Underwear - Auden,4.62
Square Neck Pointelle Pullover Sweater - Wild Fable,28.00
Stretch Woven Taper Pants - All in Motion,25.99
Active Muscle Tank Top - All in Motion,13.60
Cozy Marled 2pk Low Cut Socks - Universal Thread 4-10,7.00
'Feelin' Clucky' St. Patrick's Day Crew Socks - Navy/Green 4-10,4.00
Puff Short Sleeve Dress - A New Day,35.00
Striped 6pk Crew Socks - A New Day 4-10,9.00
Pizza Llama Low Cut Socks - Xhilaration Pink 4-10,1.50
Solid Knee High Socks - Xhilaration 4-10,2.50
Linen Boxy Short-Sleeve T-Shirt - Universal Thread,9.60
Short Sleeve Shrunken T-Shirt - Universal Thread,8.00
Comfort Thong - Auden,4.62
Cozy Slouch Crew Socks - Universal Thread 4-10,5.00
Mid-Rise Linen Pull-On Shorts - Universal Thread,16.00
Perfectly Cozy Wide Leg Lounge Pants - Stars Above,19.99
Sleeveless Knit Bodycon Dress - Wild Fable,18.00
Hanes Women's Cushioned 10pk Crew Socks - 5-9,10.99
Striped Shamrock St. Patrick's Day Cozy Low Cut Socks - Green 4-10,4.00
Bonded Micro Thong - Auden,5.00
Midi A-Line Slip Skirt - A New Day,25.00
Lace Bikini Underwear - Auden,6.47
Ribbed Tank Dress - Universal Thread,20.00
Hanes Premium 6 Pack Women's Cushioned Crew Socks - White 5-9,11.99
Nursing Seamless Bra - Auden,16.99
Cotton Lace Trim Thong - Auden,5.55
Rib Triangle Bralette - Colsie,7.00
Cut Out Lace Thong - Auden,7.00
Cotton Front Placket Boy Shorts - Auden,6.00
Farmer Chicken Low Cut Socks - Xhilaration Blue Denim 4-10,1.50
Sloth Low Cut Socks - Xhilaration Orange 4-10,1.50
Cow Low Cut Socks - Xhilaration Heather Gray 4-10,1.50
Seamless Hipster Underwear - Auden Green,6.00
Fashion Forms Women's Reusable Full Figure Gel Petals Adhesive Strapless Backless Bra - Clear,9.99
Rainy Day Pig Low Cut Socks - Xhilaration Charcoal Gray 4-10,1.50
Cat Faces Ankle Socks - Xhilaration Peach 4-10,2.50
Cat Hamburger Low Cut Socks - Xhilaration Light Heather Gray 4-10,1.50
Low Cut Socks - Xhilaration,1.50
Fitted Crew Short-Sleeve T-Shirt - Universal Thread,8.00
Laser Cut Hipster Underwear - Auden,4.62
Ribbed Slim Fit Tank Top - A New Day,6.40
Seamless Bikini Underwear - Auden,5.00
Faux Fur Cozy Pull-On Slipper Socks,7.40
Slim Fit Extended Shoulder Gauze Tank Top - A New Day,25.00
Seamless Slim Fit Tank Top - A New Day,12.00
Dr. Cat Low Cut Socks - Xhilaration Aqua Blue 4-10,1.50
"Risque No Show Disposable Nipple Covers, 40petals",12.95
Ultra High-Rise Flex Leggings - All in Motion,24.99
High-Waisted Flare Leggings - Wild Fable,18.50
Seamless Hipster Underwear - Auden,4.62
3pk Crew Socks - A New Day 4-10,6.00
Cotton Cheeky Underwear with Lace Waistband - Auden,5.40
Sleeveless Cover Up Maxi Duster - Kona Sol,29.00
Shamrock Hearts St. Patrick's Day Cozy Low Cut Socks - Charcoal Heather/Green 4-10,4.00
Square Neck Cropped Sweater Tank - Wild Fable,18.00
Brushed Sculpt Ultra High-Rise Flare Leggings - All in Motion,28.00
Seamless Boy Shorts - Auden,5.00
Micro Cheeky Underwear with Lace - Auden,5.00
Camping Hedgehogs Low Cut Socks - Xhilaration Light Blue 4-10,1.50
Kindness Short Sleeve Graphic T-Shirt - Green Floral,7.99
Beautifully Soft Cami and Shorts Pajama Set - Stars Above,19.99
Short Sleeve Oversized Graphic T-Shirt - Wild Fable,12.80
Hanes Women's Extended Size Cushioned 10pk Crew Socks - 8-12,10.99
Cotton Boy Shorts - Auden,5.55
Beautifully Soft Short Sleeve Notch Collar Top and Shorts Pajama Set - Stars Above,21.99
Seamless Bralette - Auden,9.25
Strawberry Shortcake Short Sleeve Graphic T-Shirt - Pink,10.39
Short Sleeve Cropped T-Shirt - Wild Fable,4.12
Striped 6pk Crew Socks - A New Day Black/White/Gray 4-10,9.00
Lingerie Cheeky Underwear - Auden,7.00
Spaghetti Strap Bodysuit - Wild Fable,9.60
Lace Tanga Cheeky Underwear - Auden,6.47
Cotton Seamless Cheeky Underwear - Auden,5.55
Cotton Bikini Underwear with Lace - Auden,5.00
Nirvana Short Sleeve Graphic T-Shirt - Black,10.39
Reversible Seamless Bralette - Colsie,7.00
Sloth Low Cut Socks - Xhilaration Green One Size,1.50
Lace String Thong - Auden,6.47
Super-High Rise Distressed Straight Jeans - Wild Fable Medium Wash,25.00
Open Cardigan - A New Day,28.00
Party Dino Ankle Socks - Xhilaration Cream 4-10,2.50
Utility Midi A-Line Skirt - Universal Thread,24.72
Hanes Women's Extended Size 10pk Ankle Socks - 8-12,10.99
Open-Front Cardigan - Universal Thread,25.90
Peds Women's Unseen 2pk Liner Casual Socks - 5-10,5.50
Cotton Ribbed Side Cable Knee High Socks - Universal Thread 4-10,5.10
Soft Stretch Pants - All in Motion,30.00
Nursing 2pk Pull Over Seamless Sleep Bra - Auden,19.99
Cotton Hipster Underwear with Lace Waistband - Auden,5.55
Seamless Bikini Underwear - Auden,4.62
Snorkeling Cow Low Cut Socks - Xhilaration Blue 4-10,1.50
ASSETS by SPANX Women's High-Waist Shaping Tights,18.00
Hanes Women's Cushioned 10pk Ankle Socks - 5-9,10.99
High-Waisted Ultra Soft Leggings - Wild Fable,18.00
Relaxed Fit Spring Blazer - A New Day,38.00
Cozy Marled 2pk Crew Socks - Universal Thread 4-10,6.47
Sparkly Workout Hamsters Low Cut Socks - Xhilaration Aqua 4-10,1.50
Sleeveless Seamed Bodycon Dress - Wild Fable,12.00
Sleeveless Jumpsuit - Universal Thread,30.00
Long Sleeve T-Shirt - Universal Thread,12.60
Bonded Micro Briefs - Auden,5.00
Hanes Women's 10pk No Show Socks - 5-9,10.99
Hello Kitty Short Sleeve Graphic T-Shirt - Brown,10.39
Short Sleeve Rib Fitted Square Neck Baby T-Shirt - Wild Fable,8.00
Bee 3pk Crew Socks - A New Day Navy 4-10,6.00
Cotton Thong - Auden,5.00
V-Neck Ribbed Seamless Tank Bra - JoyLab,22.00
Fruit Snails Low Cut Socks - Xhilaration Light Blue 4-10,1.50
Beautifully Soft Fleece Sweatshirt - Stars Above,19.99
Brushed Sculpt Ultra High-Rise Leggings - All in Motion,25.00
Cotton Cheeky Underwear with Lace Waistband - Auden,6.00
ASSETS by SPANX Women's Original Shaping Tights,16.00
Light Support V-Neck Cropped Sports Bra - All in Motion,15.96
Sheer Rose Thigh Highs - A New Day Black,8.50
Reversible Ribbed Bralette - Colsie,6.47
Rainbow Shamrock St. Patrick's Day Knee High Socks - Assorted Colors 4-10,5.00
House Plant Graphic Sweatshirt - Heather Olive Green,19.99
Medium Support Seamless Cami Longline Sports Bra - All in Motion,16.00
3pk Waffle Crew Socks - Universal Thread 4-10,7.00
Bell Long Sleeve Satin Fly Away Top - Wild Fable,22.00
Sleeveless Knit Skater Dress - Wild Fable,16.00
Relaxed Fit Essential Blazer - A New Day Black,38.00
Long Sleeve Oversized Satin Button-Down Shirt - A New Day,25.00
Satin Robe - Stars Above,23.11
Slim Fit Tank Top - A New Day,4.80
Fern 3pk Crew Socks - A New Day Black 4-10,6.00
Peds Women's Cushion Heel 2pk Liner Socks - Beige Nude 5-10,5.50
Short Sleeve Relaxed Fit Cropped T-Shirt - Wild Fable,8.25
Contour Power Waist High-Rise Leggings - All in Motion,25.00
Fitted Corset Tank Top - Wild Fable,8.00
Matte Satin Essential Cami - A New Day,18.00
Lace Cheeky Underwear - Auden,5.55
Peds Women's Extended Size Cotton 2pk Unseen Liner Casual Socks,5.50
Slip Dress - A New Day,25.00
Cozy Robe - Stars Above,29.99
Striped Beautifully Soft Pajama Pants - Stars Above Navy,17.99
Long Sleeve Button-Down Shirtdress - Universal Thread,35.00
Lightweight Ombre 6pk No show Athletic Socks - All in Motion 4-10,11.90
Mesh Hipster Underwear - Auden,5.55
Maternity Tank Top - Isabel Maternity by Ingrid & Isabel,9.99
Mixed Pattern Shamrock St. Patrick's Day Crew Socks - Black/Green 4-10,4.00
Medium Support Seamless Cami Midline Sports Bra - All in Motion,13.00
Panda DJ Low Cut Socks - Xhilaration Periwinkle Blue 4-10,1.50
Rainbow Shamrock St. Patrick's Day Cozy Crew Socks - Assorted Colors 4-10,5.00
Beautifully Soft Short Sleeve NightGown - Stars Above,18.99
Low-Rise Wide Leg Cargo Pants - Wild Fable,28.00
Be Kind Short Sleeve Graphic T-Shirt - Black,10.39
Festival Llama Low Cut Socks - Xhilaration Heather Gray 4-10,1.50
Rainbow Stripe Knee High Socks - Xhilaration 4-10,2.50
Short Sleeve V-Neck T-Shirt - Universal Thread,6.20
Short Sleeve Relaxed Fit V-Neck T-Shirt - Universal Thread,6.60
Seamless Briefs - Auden,6.00
Hanes Women's 10pk Cushioned Low Cut Socks - 5-9,10.99
Pandas in Pool Floaty Low Cut Socks - Xhilaration Blue 4-10,1.50
'Easy Beezy' Bee Low Cut Socks - Xhilaration Oatmeal Heather 4-10,1.50
Zip-Front Jacket - All in Motion,27.75
High-Rise Skinny Ankle Pants - A New Day,29.00
Hanes Premium 6 Pack Women's Cushioned Crew Socks - Black 5-9,11.99
Peds Women's 2pk Cozy Slipper Liner Socks 5-10,7.86
Tie-Dye 3pk Ribbed Crew Socks - Universal Thread Blue/Gray 4-10,7.00
Ruched Short Sleeve T-Shirt - Universal Thread,12.80
Shirred High Waist Bikini Bottom - Kona Sol,21.50
Hanes Premium Women's 6pk Cushioned No Show Socks - 5-9,11.99
"""Drop It Like A Sloth"" Low Cut Socks - Xhilaration White 4-10",1.50
Sleeveless Tiered Chiffon Fit & Flare Skater Dress - Wild Fable,35.00
Cotton Ribbed Hipster Underwear - Auden,5.55
Fashion Forms Women's Non-Adhesive Backless Strapless Petals,7.99
Perfectly Cozy Sweatshirt - Stars Above,19.99
Animal Print Beautifully Soft Short Sleeve Notch Collar Top and Shorts Pajama Set - Stars Above Brown,21.99
Multitasking Octopus Ankle Socks - Xhilaration Charcoal Gray 4-10,2.50
"""Meowning Coffee"" Ankle Socks - Xhilaration Charcoal Gray 4-10",2.50
'Stay Golden' Dog Ankle Socks - Xhilaration Cream 4-10,2.50
Perfectly Cozy Shorts - Stars Above,14.99
Ultra High-Rise Rib Leggings - All in Motion,28.00
Sleeveless Tiered Mesh Fit & Flare Skater Dress - Wild Fable Black Polka Dots,35.00
Long Sleeve Pullover Blouse - Universal Thread,25.00
Puff Short Sleeve T-Shirt - A New Day,16.00
Classic The Rolling Stones Short Sleeve Graphic T-Shirt - Black,10.39
Ribbed Brami - Colsie,9.25
Hanes Premium Women's Sheer Thigh Highs,9.00
Hanes Premium Women's 2pk Ultra Sheer Light Coverage Pantyhose,16.00
Mesh Cheeky Underwear - Auden,5.55
Lace Bikini Underwear - Auden,7.00
6pk Mary Jane Fold Over Cuff Crew Socks - A New Day Black 4-10,9.00
Budweiser Short Sleeve Graphic T-Shirt - White,10.39
Beautifully Soft Pajama Shorts - Stars Above,12.99
Hanes Premium Women's 6pk Cushioned Low Cut Socks,11.99
Fleece Sweatshirt - A New Day,20.00
Layering Sweater Cardigan - Universal Thread,30.00
Space Panda Ankle Socks - Xhilaration Heather Gray 4-10,2.50
High-Rise Wide Leg Linen Pull-On Pants - A New Day,25.00
Dreaming Llamas Ankle Socks - Xhilaration Black 4-10,2.50
High-Rise Plisse Flare Pants - Wild Fable,25.00
V-Neck Babydoll - Auden,25.00
Oversized Zip-Up Hoodie - Wild Fable,25.00
Foldover Waistband Sleep Boxer Shorts - Colsie,15.00
Beautifully Soft Pajama Pants - Stars Above,17.99
Simply Cool Short Sleeve Notch Collar Top - Stars Above,16.99
Beautifully Soft Notch Collar NightGown - Stars Above,18.49
Leprechaun Gnome St. Patrick's Day Low Cut Socks - Navy/Green 4-10,2.00
Pear 3pk Low Cut Socks - A New Day 4-10,6.00
Fruit of the Loom Women's Cushioned 6pk Crew Athletic Socks 4-10,6.99
Striped 3pk Ankle Socks - Universal Thread 4-10,7.00
Multipattern 6pk Low Cut Socks - A New Day White 4-10,9.00
Irish Sheep St. Patrick's Day Low Cut Socks - Green 4-10,2.00
"High-Rise Flex Shorts 3"" - All in Motion",25.00
Perfectly Cozy Jogger Pants - Stars Above Blue,19.99
"French Terry Shorts 3.5"" - All in Motion",16.00
Vacation Bear Low Cut Socks - Xhilaration Blue 4-10,1.50
Lightweight Striped 6pk No Show Athletic Socks - All in Motion 4-10,11.90
Striped Knee High Socks - Xhilaration White/Black/Pink 4-10,2.50
Long Sleeve Oversized Button-Down Boyfriend Shirt - A New Day,24.99
Puff Short Sleeve Wrap Dress - A New Day,25.48
Long Sleeve T-Shirt - A New Day Striped,11.25
Schitt's Creek Rose Apothecary Short Sleeve Graphic T-Shirt - Black Wash,10.39
Plus Size Short Sleeve Relaxed Scoop Neck T-Shirt - Ava & Viv,8.00
Plus Size Short Sleeve V-Neck T-Shirt - Ava & Viv,8.00
8pk Liner Socks - Xhilaration 4-10,9.00
Classic Full Coverage Hipster Bikini Bottom - Kona Sol,18.00
Ankle Socks - Xhilaration Black 4-10,2.50
Short Sleeve Relaxed Fit T-Shirt - Wild Fable,9.60
Pig St. Patrick's Day Low Cut Socks - White/Green 4-10,2.00
Basic Fishnet Tights - A New Day&#153,10.00
Sanrio My Melody Graphic Sweatshirt - Black,21.99
Cotton Knit Maternity Leggings - Isabel Maternity by Ingrid & Isabel,16.99
"Black History Month Women's Beautiful, Black, Proud Short Sleeve T-Shirt - Black",12.75
Multipattern 6pk Low Cut Socks - A New Day Black 4-10,9.00
Seamless Baby T-Shirt - JoyLab,20.00
Short Sleeve Dress - Universal Thread,25.00
6pk Low Cut Socks - A New Day 4-10,9.00
Long Sleeve T-Shirt - A New Day,9.60
High-Waisted Classic Leggings - Wild Fable,12.00
Balloon Long Sleeve Off the Shoulder Corset Top - Wild Fable,22.00
High-Rise Ankle Jogger Pants - A New Day,27.99
Simply Cool Pajama Pants - Stars Above,19.99
Light Support Rib Racerback Longline Sports Bra - All in Motion,22.00
'Incorgnito' Dog Low Cut Socks - Xhilaration Blue 4-10,1.50
ASSETS by SPANX Women's Perfect Pantyhose,16.00
Striped 3pk Low Cut Socks - A New Day Ivory 4-10,6.00
Lace Corset - Auden,18.00
High-Rise Dolphin Shorts - Wild Fable,9.60
Beautifully Soft Fleece Shorts - Stars Above,14.99
Hanes® Premium Women's Silky Sheer Control Top Pantyhose,9.00
Fleece Hooded Sweatshirt - Universal Thread,22.50
"Mid-Rise Run Shorts 3"" - All in Motion",16.00
6pk Briefs - Auden,10.00
Floral Print Satin Pajama Shorts - Stars Above Black,12.99
Sweater Tank Top - Universal Thread,20.00
Tummy Control High Waisted Bikini Bottom - Kona Sol,23.00
Animal Print Beautifully Soft Pajama Pants - Stars Above Brown,17.99
Comfort Bralette - Auden,13.00
Hanes Women's Extended Size 10pk No Show Socks - 8-12,10.99
X-Side Sport Swim Shorts - Kona Sol,23.00
Fashion Forms Women's Amazing Adhesive Strapless Backless Bra - Beige,24.99
ASSETS by SPANX Women's High-Waist Perfect Pantyhose,18.00
Cushioned Colorpop 6pk No Show Athletic Socks - All in Motion 4-10,11.90
Nursing Bralette - Auden,10.00
Music City Short Sleeve Graphic T-Shirt - Beige,10.39
Peds Women's Sport Marled 4pk Ultra Low Liner Casual Socks 5-10,8.50
Ribbed Seamless Bike Shorts - Colsie,12.00
Farm Barn 3pk Liner Socks - Xhilaration Blue/Gray/Pink 4-10,6.00
Hanes Women's Core Cotton Briefs Underwear 6pk,10.49
Bonded Micro Bikini Underwear - Auden Black,5.00
"Mid-Rise Knit Shorts 5"" - All in Motion",12.95
Fleece Sweatshirt - Universal Thread,23.12
Short Sleeve Seamed Baby T-Shirt - Wild Fable,9.60
Def Leppard Animal Print Logo Short Sleeve Graphic T-Shirt,10.39
"Black History Month Women's Bold, Black, Bougie Pullover Sweatshirt - Bronze",21.25
Short Sleeve Side Ruched T-Shirt Dress - Universal Thread,18.49
20D Sheer Control Top Tights - A New Day Black,8.50
Mesh Bralette - Auden,13.88
Hanes Premium Women's 2pk Opaque Tights - Black,16.00
Shamrock Dot St. Patricks' Day Crew Socks - White/Green 4-10,4.00
Hanes Premium Women's Sheer High Waist Shaping Pantyhose,9.00
Tupac Short Sleeve Graphic T-Shirt - Black,10.39
High-Rise Linen Pull-On Shorts - A New Day,14.40
Tiered Cover Up Mini Dress - Wild Fable,18.00
Satin Short Robe - Stars Above,21.24
Peds All Day Active Women's 6pk Ultra Low Liner Athletic Socks - Black/White 5-10,11.50
Super-High Rise Slim Fit Cropped Kick Flare Pull-On Pants - A New Day,29.00
Shamrock Sloth St. Patrick's Day Crew Socks - Black 4-10,4.00
"Brushed Sculpt Bike Shorts 5"" - All in Motion",20.00
Science Hamster Ankle Socks - Xhilaration Periwinkle Blue 4-10,2.50
Sushi Corgi 3pk Liner Socks - Xhilaration Blue/White/Gray 4-10,6.00
Tiered Ruffle Tank Top - Wild Fable,18.00
Tie-Front Cropped Tank Top - Universal Thread,20.00
Critters and Umbrellas 6pk Low Cut Socks - Xhilaration Assorted Colors 4-10,6.00
Lucky Hamster St. Patrick's Day Crew Socks - White/Green 4-10,4.00
Minnie Short Sleeve Graphic T-Shirt - Black,10.39
Long Sleeve Boxy T-Shirt - A New Day Striped,12.00
Large Shamrocks St. Patrick's Day Knee High Socks - Black/Green 4-10,5.00
Peds Women's Mesh Striped 6pk Sport Cut Liner Socks - 5-10,11.50
Mesh Front One Piece Swimsuit - Shade & Shore Black,40.00
Smocked High Slit Convertible Cover Up Dress - Wild Fable,23.00
Super Soft Leggings - Xhilaration,10.00
3pk Liner Socks - A New Day 4-10,6.00
Cozy Rib Sweatshirt - All in Motion,28.00
Knit Maternity Jogger Pants - Isabel Maternity by Ingrid & Isabel,25.90
Seamless Ribbed Bike Shorts - Colsie,12.00
Spotted Print High Neck Ruched Full Coverage One Piece Swimsuit - Kona Sol Brown,43.00
Fuzzy Cats and Yarn Low Cut Socks - Xhilaration Oatmeal 4-10,1.50
Gummy Bears Knee High Socks - Xhilaration Light Heather Gray 4-10,2.50
High Waist Swim Boyshorts - Kona Sol Black,24.00
Floral Fall Berries 3pk Crew Socks - A New Day Navy 4-10,6.00
Ribbed Shrunken Long Sleeve T-Shirt - Universal Thread,12.80
High-Rise Fleece Sweatpants - Wild Fable,23.50
High-Rise Straight Fit Fluid Pants - A New Day,32.00
Ribbed Scoop Front High Leg Cheeky Bikini Bottom - Wild Fable,15.00
Sublime Logo Short Sleeve Graphic T-Shirt - Black,10.39
Scoop Front High Leg Cheeky Bikini Bottom - Wild Fable Black,15.00
"Simplicity Mid-Rise Capri Leggings 20"" - All in Motion",20.00
Shrunken Rib Tank Top - Universal Thread,6.40
High Waisted Seamless Thong - Auden,6.00
Beautifully Soft Sleep T-Shirt - Stars Above,14.99
Seamless Racerback Tank Top - All in Motion,18.00
Ribbed Triangle String Bikini Top - Wild Fable,15.00
Beautifully Soft Robe - Stars Above,29.99
Elbow Sleeve Mock Turtleneck T-Shirt - A New Day,12.38
Mid-Rise Skinny Jeans - Universal Thread,21.99
Simply Cool Pajama Shorts -Stars Above,14.99
Satin Lace Trim Tank and Shorts Pajama Set - Colsie,20.00
Short Sleeve Ribbed T-Shirt - A New Day,6.40
Slub 3pk No Show Socks - Universal Thread 4-10,6.47
90s Icons 3pk Liner Socks - Xhilaration White/Heather Gray/Black 4-10,6.00
Coffee & Lattes 3pk Liner Socks - Xhilaration Black/Cream/Pink 4-10,6.00
Short Sleeve V-Neck T-Shirt - Ava & Viv,8.00
High-Waisted Slim Fit Leggings - Ava & Viv,16.00
Fashion Forms Women's Adhesive Breast Petals,9.99
Sleeveless Handkerchief Hem Fit & Flare Dress - Wild Fable,25.00
Cotton String Bikini Underwear - Auden,6.00
Floral Print Satin NightGown - Stars Above Black,19.99
High Waist Supplex Swim Skirt - Kona Sol,26.00
6pk Harry Potter Low Cut Socks - Assorted Colors 4-10,9.00
Fleece Lounge Jogger Pants - Colsie,20.00
Active Swim Shorts - Kona Sol,24.00
Frenchie Fry Ankle Socks - Xhilaration Heather Gray 4-10,2.50
Scoop Front High Waist High Leg Cheeky Bikini Bottom - Wild Fable,12.00
High-Rise Ribbed Seamless 7/8 Leggings - JoyLab,31.45
Hanes Premium 6 Pack Women's Cushioned Ankle Socks - White 8-12,11.99
Beautifully Soft Ribbed Legging Pajama Pants - Stars Above,17.99
High-Rise Polyester Bike Shorts - Wild Fable,11.20
Cat 10pk Low Cut Socks - Xhilaration Assorted Colors 4-10,9.00
Triangle Bralette - Colsie Green,7.00
Contour Curvy High-Rise Leggings with Power Waist - All in Motion Black,25.00
Core Boxy Athletic T-Shirt - All in Motion,20.00
Cropped Shelf Tank Bra - All in Motion,21.00
Looney Tunes That's All Folks Graphic Sweatshirt - Blue,13.00
Cozy Fleece Pull On Slipper Socks with Grippers,9.00
Mesh Sarong Swimsuit Cover Up Skirt - Wild Fable,15.00
"Soft Stretch Shorts 3.5"" - All in Motion",16.00
Short Sleeve Back Cut Out Dress - Universal Thread,35.00
Cropped Active Tank Top - All in Motion,14.40
Cotton Ribbed Boyshort - Auden,5.50
Stripe Cushioned 4pk No Show Athletic Socks - All in Motion 4-10,11.10
Star Wars: The Mandalorian The Child Pull-On Microsuede Slipper Socks - Green 7-9.5,12.00
Cut Out Brami - Colsie,12.03
Gilmore Girls Luke's Short Sleeve Graphic T-Shirt - Green,10.39
Simple Wishes Hands Free Pumping Bra Adjustable Fit Bra - Adjustable XS-L,29.99
Outerspace 6pk Low Cut Socks - Xhilaration Gray 4-10,6.00
"Risque Stickies Reusable Nipple Covers, 2Cover(s)",14.95
Cats 3pk Liner Socks - Xhilaration Gray/White/Black,6.00
Lace Removable Pad Bralette - Auden,13.88
Ribbed Tank Top - Wild Fable,6.40
Beautifully Soft Short Sleeve Notch Collar Top and Pants Pajama Set - Stars Above,27.99
Puff Elbow Sleeve Linen Shirt - A New Day,25.00
Puff Short Sleeve Dress - A New Day,30.00
Peds Women's 2pk Microfiber Liner Socks 5-10,5.50
Short Sleeve Drapey Scoop Neck T-Shirt - Ava & Viv,8.00
Ribbed Seamless Bike Shorts - Colsie,10.00
Wyoming Short Sleeve Graphic T-Shirt - Charcoal Gray,10.39
Hanes Performance Women's Cushioned 6pk Ankle Athletic Socks White 5-9,13.99
Daisy 6pk Low Cut Socks - Xhilaration Black 4-10,6.00
Cami - A New Day,18.00
Days of the Week Snacks 6pk Low Cut Socks - Xhilaration Assorted Colors 4-10,6.00
Two-Tone Shamrocks St. Patrick's Day Crew Socks - Heather Gray 4-10,4.00
Ribbed Plunge Front V-Wire One Piece Swimsuit - Shade & Shore,40.00
Fleece Pullover Sweatshirt - Universal Thread,22.16
Mid-Rise Skinny Jeans - Universal Thread Blue,24.00
The Rolling Stones St Patrick's Day Short Sleeve Graphic T-Shirt Dress - Black,19.99
Gudetama Short Sleeve Graphic T-Shirt - Yellow,10.39
Nursing Seamless Cami - Auden,19.99
Coffee Socks - Xhilaration Oatmeal One Size,1.50
Crew Neck Sweatshirt - Wild Fable,15.30
Peds Women's Extended Size Ultra Low 4pk Sport Liner Socks - Light Gray 8-12,8.50
Breakfast 3pk Liner Socks - Xhilaration Cream/Gray/Olive 4-10,6.00
Nursing Yoga Bra - Auden,18.99
10pk Low Cut Socks - Xhilaration 4-10,9.00
"Black History Month Women's My Voice, My Power Pullover Sweatshirt",21.25
2pk 50D Opaque Tights - A New Day Black,15.00
3pc Satin Notch Collar and Shorts Pajama Set - Stars Above,25.00
Short Sleeve V-Neck Side Shirred Maternity T-Shirt - Isabel Maternity by Ingrid & Isabel,12.99
Slub 3pk Ankle Socks - Universal Thread 4-10,7.00
Colorful Shamrock St. Patrick's Day Crew Socks - Navy/Pink 4-10,4.00
Striped Shamrock St. Patrick's Day Knee High Socks - Black/White 4-10,5.00
6pk Striped Low Cut Socks - A New Day Assorted Colors 4-10,9.00
Sleeveless Ballet Dress - A New Day,28.00
Peds Women's 2pk Coolmax Liner Socks - 5-10,5.50
6pk Hipster Underwear - Auden Colors May Vary,10.00
Fashion Forms Women's Adhesive Strapless Backless Bra - Nude,19.99
6pk Print Thong - Auden Colors May Vary,10.00
Essential Racerback Tank Top - All in Motion,12.00
Brushed Sculpt High-Rise Leggings - All in Motion,25.90
High-Rise Wide Leg Pants - A New Day,32.00
Ruffle Short Sleeve Smocked Dress - Universal Thread,35.00
Linen Boxy V-Neck Short-Sleeve T-Shirt - Universal Thread,9.60
Lace Longline Bralette - Auden,18.00
Hanes Premium Women's 4pk Comfortsoft Waistband with Cotton Mid-Thigh Boxer Briefs - Colors May Vary,18.99
Shark in Sunglasses Low Cut Socks - Xhilaration Blue 4-10,1.50
50D Opaque High-Waisted Control Top Tights - A New Day Black,8.50
Laser Cut Thong with Lace Back - Auden,4.25
Slim Fit Long Sleeve Ribbed T-Shirt - Knox Rose,16.50
Hedgehog 3pk Liner Socks - Xhilaration White/Pink/Heather Gray 4-10,6.00
All Pro Women's 6pk Aqua FX Ankle Socks,11.99
Lilo and Stitch 6pk Low Cut Socks - Blue 4-10,9.00
Scoop Bralette Bikini Top - Wild Fable Orange Floral Print,15.00
Slim Fit Bodysuit - A New Day,16.00
The Flintstones Graphic Sweatshirt - Burgundy,16.00
Long Sleeve Oversized Button-Down Shirt - A New Day,25.00
Puff Elbow Sleeve Eyelet Shirt - A New Day,25.00
Sleeveless Rib Knit Side Ruched Dress - A New Day,22.00
Dino Drinking Coffee Socks - Xhilaration Heather Gray One Size,1.50
Smocked Tank - Universal Thread,12.80
Flex Shirred Cropped Long Sleeve T-Shirt - All in Motion,24.00
Waist Detail Over the Shoulder One Piece Swimsuit - Aqua Green®,47.50
6pk Bikini Underwear - Auden,10.00
Triangle Bikini Top - Wild Fable Orange Ombre Print,15.00
Fruit of the Loom Women's Seamless Low-Rise Briefs 6pk - Colors May Vary,16.89
Scoop Neck Bralette Bikini Top - Wild Fable,15.00
So Soft Unlined Racerback Bralette - Auden,13.87
Beautifully Soft Ribbed NightGown - Stars Above,19.99
20D Sheer High-Waisted Control Top Tights - A New Day Black,8.50
Tassle Trim Crochet Cover Up Dress - Wild Fable,20.00
Guns n' Roses Short Sleeve Graphic T-Shirt - Black,10.39
Active Accents Cushioned 4pk No Show Tab Athletic Socks - All in Motion 4-10,12.00
Puff 3/4 Sleeve Eyelet Dress - Universal Thread,38.00
Short Sleeve V-Neck Knit Dress - Universal Thread,25.00
Peds Women's 2pk Laser Cut Liner Socks - Nude 5-10,8.50
Satin Notch Collar NightGown - Stars Above,19.99
Drape Front Bodysuit - A New Day,16.00
Hanes Performance Women's Cushioned 6pk No Show Athletic Socks 5-9,13.99
Leopard Sheer Tights - A New Day Black,8.50
50D Opaque Control Top Tights - A New Day Black,8.50
Smocked Ruffle Cover Up Skirt - Wild Fable White,18.00
Flex Strappy Exercise Dress - All in Motion,30.00
Camaro Graphic Sweatshirt - Red,16.00
100% Cotton Gauze Top - Stars Above,16.99
Dinosaur 3pk Liner Socks - Xhilaration Navy/White/Pink 4-10,6.00
Sleeveless Dress - Universal Thread,35.00
High-Rise Relaxed Straight Fit Jeans - Wild Fable Medium Wash Floral,28.00
Fishnet Thigh Highs - A New Day Black,10.00
Dinosaurs and Stripes 10pk Low Cut Socks - Xhilaration Pink/Blue/Purple 4-10,9.00
Long Sleeve Boxy Cropped T-Shirt - Wild Fable,11.70
Fruit of the Loom Women's Seamless Bikini 6pk - Colors May Vary,16.89
High-Rise Woven Ankle Jogger Pants - A New Day,25.89
Hipster Bikini Bottom - Shade & Shore Black,18.00
3pk Mary Jane Fold Over Cuff Socks - A New Day 4-10,6.00
100% Cotton Gauze Robe - Stars Above,34.99
Ribbed Seamless Reversible Tank Top - Colsie,15.00
Satin NightGown - Stars Above,19.99
Hanes Premium Women's 6pk Cool Comfort Lightweight No Show Socks - 5-9,11.99
Yosemite Short Sleeve Graphic T-Shirt - Green,7.99
Light Support Brushed Sculpt High-Neck Sports Bra - All in Motion,20.00
Hanes Premium 6 Pack Women's Cushioned Low Cut Socks - Black 8-12,11.99
Short Sleeve A-Line Dress - Knox Rose,35.00
Coffee Cat Low Cut Socks - Xhilaration Blue 4-10,1.50
Over Belly Active Maternity Leggings - Isabel Maternity by Ingrid & Isabel,34.99
Peds Women's Mesh 4pk Ultra Low Liner Casual Socks 5-10,8.50
Short Sleeve Button-Front Boilersuit - Universal Thread,40.00
Essential Crewneck Long Sleeve T-Shirt - All in Motion,14.00
Medium Support Seamless Racerback Midline Sports Bra - All in Motion,16.00
Satin Pajama Shorts - Stars Above,12.02
Side-Tie Adjustable Coverage High Leg Bikini Bottom - Wild Fable,15.00
Fleece Lounge Jogger Pants - Colsie,17.00
Peds Women's Sport Performance Hi-Cut Soft Nylon 4pk Liner Socks - 5-10,8.50
Abstract Tropical Print Tie-Front Bikini Top - Kona Sol Blue,25.50
Tropical Print Longline Bikini Top - Kona Sol Navy Blue,24.50
Avocado Toast Low Cut Socks - Xhilaration Heather Gray 4-10,1.50
Side-Tie Extra Cheeky Bikini Bottom - Wild Fable Orange Ombre,15.00
Easter Bunny Ears White and Yellow - Spritz,3.00
Plisse Textured High Leg Cheeky Bikini Bottom - Wild Fable,18.00
Abstract Tropical Print High Waist High Coverage Bikini Bottom - Kona Sol Blue,24.00
Ring Front Bralette Bikini Top - Wild Fable,15.00
One Shoulder Bow Cut Out One Piece Swimsuit - Shade & Shore,40.00
Beautifully Soft Ribbed Pajama Set - Stars Above,24.99
Ultra High-Rise Flare Leggings - All in Motion,34.00
Unlined Bodysuit - Auden,20.00
Light Support Corded Midline Racer Sports Bra - All in Motion,17.00
Button-Front Fine Gauge Ribbed Cardigan - A New Day,22.50
Cotton Gauze Shorts - Stars Above,14.99
Breakfast 10pk Low Cut Socks - Xhilaration Blue/Gray/Pink 4-10,9.00
Pucker Textured Square Neck One Piece Swimsuit - Kona Sol,43.00
Tube Top - Wild Fable,4.00
Bliss Lightly Lined Wirefree Bra - Auden,14.99
6pk Crew Socks - A New Day 4-10,9.00
True & Co. True Everybody Women's Adjustable Strap Triangle Bra,14.94
High Waist Ponte Leggings - A New Day Black,18.00
Black History Month Women's Hair Pic Short Sleeve T-Shirt - Purple,12.75
2pk Star Wars The Mandalorian Cozy Ankle Socks - Gray/Pink 4-10,9.00
Peds Women's Extended Size Mesh Striped 6pk Sport Cut Liner Socks - 8-12,11.50
Cropped Sweatshirt - Wild Fable,18.00
Ribbed Side-Tie Scoop Front High Leg Cheeky Bikini Bottom - Wild Fable,15.00
Smocked Bralette Bikini Top - Wild Fable,18.00
Peds Women's Memory Cushion 2pk Liner Socks - White 5-10,5.50
Underwire Bodysuit - Auden,25.00
Tropical 6pk Low Cut Socks - Xhilaration Blue/Pink/Gray 4-10,6.00
Lace-Up Cheeky Bikini Bottom - Shade & Shore,18.00
High-Rise Skinny Jeans - Universal Thread,17.75
Hanes Women's Cotton Stretch 4pk briefs - Colors May Vary,11.49
All Pro Women's 6pk Aqua FX No Show Socks,11.99
Fruit of the Loom Women's 6pk Breathable Micro-Mesh Bikini Underwear - Colors May Vary,13.99
Striped Beautifully Soft Pajama Shorts - Stars Above Navy,12.99
Slim Fit Tank Top - A New Day,4.25
Farm Animal 10pk Low Cut Socks - Xhilaration Gray/Blue/Yellow 4-10,9.00
The Rolling Stones Retro Short Sleeve Graphic T-Shirt - Charcoal Gray,10.39
Airy Floral Tights - A New Day Black,8.50
5pk Ankle Socks - Xhilaration 4-10,6.00
Hanes Premium Women's Pindot Perfect Tights - Black,11.00
Fruit of the Loom Women's Breathable Lightweight 6pk Ankle Athletic Socks 4-10,10.99
Floral Print Satin Pajama Cami - Stars Above Black,12.99
Peds Women's 2pk Extended Size Microfiber Liner Socks - 8-12,5.50
French Terry Modal Cardigan - All in Motion,28.00
Short Sleeve V-Neck Maternity T-Shirt - Isabel Maternity by Ingrid & Isabel,12.99
Ribbed Bralette Bikini Top - Wild Fable,15.00
Swim Boyshorts - Kona Sol,23.00
Citrus Fruits 10pk Low Cut Socks - Xhilaration Assorted Colors 4-10,9.00
High-Rise Boyfriend Jeans - Universal Thread,33.30
Hanes Premium Women's 4pk Boyfriend Cotton Stretch Boxer Briefs - Colors May Vary,18.99
Short Sleeve Relaxed Fit V-Neck T-Shirt - Wild Fable,9.60
MTV Floral Print Logo Short Sleeve Graphic T-Shirt,10.71
Peds Women's Grippers Tactel Nylon 2pk Liner Mule Socks - Nude One Size,5.50
Fruit of the Loom Women's 6pk Cotton Classic Briefs - Colors May Vary,9.79
Hanes Women's 6pk Cotton Ribbed Heather Briefs Assorted,10.49
Floral 6pk Low Cut Socks - Xhilaration Gray/Pink/Blue 4-10,6.00
Beautifully Soft Ribbed Cami - Stars Above,8.99
Cut Out One Piece Swimsuit - Wild Fable,32.00
Sloth 6pk Low Cut Socks - Xhilaration Assorted Colors 4-10,6.00
Hanes Premium Women's Perfect Blackout Tights Black,12.00
High-Waisted Liquid Leggings - Wild Fable,18.00
90s Icons 5pk Ribbed Ankle Socks - Xhilaration Black/White/Heather Gray 4-10,6.00
Long Sleeve Lace-Up Cozy Knit Blouse - Wild Fable,14.40
High-Rise Skinny Jeans - Universal Thread,30.99
Mesh Cover Up High Waist Flare Pants - Wild Fable,23.00
Fruit of the Loom Women's Cushioned 6pk No Show Athletic Socks 4-10,6.99
Farm Animal 6pk Low Cut Socks - Xhilaration Assorted Color 4-10,6.00
Sailor Moon Zip-Up Graphic Hoodie - Pink,24.99
Crochet Trim Triangle Bikini Top - Wild Fable Pink Floral Print,20.00
Cotton Seamless Thong - Auden,5.10
Cushioned Active Striped 6pk No Show Tab Athletic Socks - All in Motion 4-10,14.00
Rib-Knit Cotton Cheeky Underwear - Auden,5.55
6pk Winnie The Pooh Low Cut Socks - Assorted Colors 4-10,9.00
Crochet Bralette Bikini Top - Wild Fable,24.00
Side-Tie Medium Coverage Bikini Bottom - Wild Fable Orange Floral Print,15.00
Hanes Women's 10pk Cotton Classic Briefs - Colors May Vary,16.99
Tropical Print Side-Tab Medium Coverage Hipster Bikini Bottom - Kona Sol Navy Blue,20.00
Tie-Front Cover Up Short Sleeve Crop Top - Wild Fable White,18.00
3pk Liner Socks - A New Day Cream 4-10,6.00
Side-Slit Maxi Cover Up Dress - Kona Sol,29.00
Jockey Generation Women's Natural Beauty Bralette,16.65
Fruit of the Loom Women's 6pk Cotton Hi-Cuts - Colors May Vary,9.79
Seamless Tank Bodysuit - Wild Fable,12.80
Crossover High Leg Cheeky Mid-Rise Bikini Bottom - Wild Fable,18.00
Spotted Print Scoop Neck Tankini Top - Kona Sol Green,27.00
Fruit of the Loom Women's 6pk Breathable Micro-Mesh Hi-Cut Underwear - Colors May Vary,13.99
Signature Smooth Unlined Bralette - Auden,12.03
Scoop Front High Leg Cheeky Bikini Bottom - Wild Fable,17.49
Super Mario Short Sleeve Graphic T-Shirt - Blue,10.39
Disney Pixar 6pk Low Cut Socks - Assorted Colors 4-10,9.00
Hanes Premium Women's Perfect Opaque Tights Black,11.00
Disney Tinkerbell Short Sleeve Graphic T-Shirt - Tan,10.39
Forest Critters 10pk Low Cut Socks - Xhilaration Blue/Pink/Gray 4-10,8.99
Fruit of the Loom Women's 6pk Breathable Micro-Mesh Low-Rise Briefs - Colors May Vary,13.99
Sleeveless Eyelet Sun Dress - A New Day,29.49
French Terry Crewneck Sweatshirt - All in Motion,24.00
Peds Women's 2pk Extended Size Coolmax Liner Socks - 10-12,5.50
Joe Cool Snoopy Graphic Sweatshirt - Green,15.00
Super-High Rise Distressed Mom Taper Jeans - Wild Fable,25.00
Long Sleeve Side Ruched T-Shirt - A New Day,15.71
High-Rise Seamless Bike Shorts - Wild Fable,11.20
High-Rise Fleece Bermuda Shorts - Wild Fable,12.80
Contour Power Waist Mid-Rise Straight Leg Pants - All in Motion,28.00
Elastic Waist Swim Skirtini - Kona Sol,24.00
Cut Out Bodysuit - Colsie,16.65
Faux Wrap Halter Bikini Top - Kona Sol,21.50
3pk Textured Argyle Crew Socks - Universal Thread 4-10,6.47
High Waist Cotton Blend Seamless Leggings - A New Day,18.00
High-Rise Linen Wide Leg Fluid Pants - A New Day,32.00
Peds Women's Merino Wool 2pk Sport No Show Socks - 5-10,5.50
Ribbed Mid-Rise Hipster Bikini Bottom - Shade & Shore,20.00
High-Waisted Leggings - A New Day Black XL,14.99
Butterfly Charm Plisse Textured Triangle Bikini Top - Wild Fable,18.00
Knot Side High Waist Bikini Bottom - Shade & Shore Black,23.00
Puff Short Sleeve Dress - A New Day,30.00
Scoop Front Ultra High Leg Cheeky Bikini Bottom - Wild Fable,15.00
20D Sheer Tights - A New Day Black,8.50
3pk Textured Crew Socks - Universal Thread 4-10,7.00
Crewneck Boxy Pullover Sweater - Wild Fable,17.00
Sleeveless Dress - A New Day,38.00
Side Slit Tie Back Cover Up Tunic Dress - Kona Sol,26.50
Cropped Denim Trucker Jacket - Wild Fable,29.60
Side-Tab Medium Coverage Hipster Bikini Bottom - Kona Sol,18.00
"Risque No Show Disposable Nipple Covers, 40petals",12.95
Super-High Rise Tapered Jeans - Wild Fable,25.00
Mickey & Minnie Mouse 6pk Low Cut Socks - White/Red/Blue 4-10,9.00
Texas Graphic Sweatshirt - Heather Gray,19.99
Star Wars: The Mandalorian 6pk Low Cut Socks - Assorted Colors 4-10,9.00
Mesh Cover Up Short Sleeve Crop Top - Wild Fable,18.00
Cozy Robe + Socks - Colsie,29.75
Crewneck Destructed Sweater Tank Top - Wild Fable,20.00
Essential Crewneck Short Sleeve T-Shirt - All in Motion,12.00
Extra High Waisted Tummy Control Medium Coverage Bikini Bottom - Kona Sol,24.00
Unlined Balconette Bra - Auden,15.72
Long Sleeve Button-Down Shirt - Knox Rose,30.00
High-Rise Slim Straight Fit Ankle Pull-On Pants - A New Day Gray,23.12
Ruffle Cheeky Bikini Bottom - Shade & Shore,18.00
Peds Women's Super Soft with Traction 2pk Liner Socks - Gray 5-10,5.50
Long Sleeve Notch Neck Thermal Top - Knox Rose,19.38
Long Sleeve Fitted Sweetheart Neck T-Shirt - Wild Fable,12.75
2pk Corgi Cozy Low Cut Socks - Ivory 4-10,7.00
Spacedye 6pk Low Cut Socks - Xhilaration 4-10,6.00
Hanes Women's Cotton Stretch 4pk Bikini briefs - Colors May Vary,11.49
Side-Tie Cheeky Bikini Bottom - Wild Fable Pink Floral Print,15.00
High-Rise Slim Straight Fit Jeans - Universal Thread,28.00
High Neck Swim Romper with Pockets One Piece Swimsuit - Aqua Green®,47.50
Mid-Rise Jogger Pants - Knox Rose,24.74
Peds Women's 2pk Cushioned Liner - Nude 5-10,5.50
Viney Floral Tights - A New Day,10.00
All Pro Women's Extended Size Aqua FX Heel Toe Cushion 6pk No Show Athletic Socks - 8-12,11.99
Taco 3pk Liner Socks - Xhilaration Mint/Blue/White 4-10,6.00
Pink Floyd Short Sleeve Graphic T-Shirt - Purple,10.39
Racerback One Piece Swimsuit - Wild Fable,32.00
Flex Pleated Skorts - All in Motion,25.90
Fruit of the Loom® Women's 6pk Cotton Heather Bikini - Colors May Vary,9.79
Waffle Knit Lounge Pants - Stars Above,29.99
Fleece Lounge Sweatshirt - Colsie,17.00
All Pro Women's 6 Pack Aqua Fx Low Cut Athletic Socks - White/Purple 4-10,11.99
Denim Jacket - Universal Thread,36.00
V-Neck Pullover Sweater - A New Day Pink,22.00
"Contour Power Waist Mid-Rise Shorts 4"" - All in Motion",16.00
"Contour Curvy High-Rise Shorts 7"" - All in Motion Black",16.00
Playful Cats 6pk Low Cut Socks - Xhilaration Gray/White 4-10,6.00
Keyhole Medium Coverage Hipster Bikini Bottom - Kona Sol,16.65
Nightmare Before Christmas Knit Pull-On Microsuede Slipper Socks with Grippers - Black 4-10,12.00
Hanes Women's Cotton Stretch 4pk Hipster briefs - Colors May Vary,11.49
Care Bears 6pk Low Cut Socks - Assorted Colors 4-10,9.00
Jockey Generation Women's Seamfree Cami Strap Bralette,16.00
Light Support Simplicity Striped Sports Bra - All in Motion,14.80
V-Neck Angled Tiered Tankini Top - Aqua Green®,33.50
20D Sheer High Waist Control Top Tights - A New Day Honey Beige,8.50
Short Sleeve Pullover Blouse - Universal Thread,20.00
20D Sheer Control Top Tights - A New Day,8.50
Hanes Women's 10pk Cotton Hi-Cut Briefs - Colors and Patterns May Vary,15.99
Quarter Zip Sweatshirt - A New Day,20.00
Ribbed Plunge Twist-Front One Piece Swimsuit - Shade & Shore,40.00
Shirred Underwire Bikini Top - Wild Fable,22.00
Watermelon Puppy 3pk Liner Socks - Xhilaration Denim Heather/Heather Gray/Pink 4-10,6.00
Rosie the Llama Low Cut Socks - Xhilaration Charcoal Heather 4-10,1.50
Fruit of the Loom Women's Extended Size Cushioned 6pk No Show Athletic Socks 8-12,6.99
Shirred Underwire Bikini Top - Wild Fable Light Green,22.00
6pk Harry Potter Houses Low Cut Socks - Assorted Colors 4-10,9.00
Fruit of the Loom Women's Cushioned 6pk Ankle Athletic Socks 4-10,6.99
Twist-Front Tank Bodysuit - Wild Fable,12.80
Slim Fit Cropped Tiny Tank Top - Wild Fable,6.80
Hanes Women's Core Cotton Bikini Panties 6pk - Colors and Patterns May Vary,10.49
Super-High Rise Distressed Baggy Jeans - Wild Fable Medium Blue,25.00
Short Sleeve Essential Henley Tunic T-Shirt - Knox Rose,14.40
Short Sleeve Top - Knox Rose,28.00
Flutter Short Sleeve Embroidered Kaftan A-Line Dress - Knox Rose,40.00
Fruit of the Loom Women's Breathable Mesh Lightweight 6pk Liner Athletic Socks - 4-10,10.99
All Pro Women's 6pk Ultra Soft No Show Socks 4-10,11.99
Side-Tie Medium Coverage Bikini Bottom - Wild Fable Peach,15.00
Hanes Premium Women's 6pk Heel Toe Cushion with Arch Support No Show Socks - 5-9,11.99
Peds All Day Active Women's 6pk Ultra Low No Show Athletic Socks - Assorted Colors 5-10,11.50
Peds All Day Active Women's Extended Size 6pk Ultra Low No Show Tab Liner Athletic Socks - White/Black 8-12,11.50
6pk Cushioned Performance Striped No Show Athletic Socks - All in Motion,14.00
Simplicity Mid-Rise Leggings - All in Motion,20.00
Cozy Rib Straight Pants - All in Motion,29.74
Frida Short Sleeve Graphic T-Shirt - White,10.39
Hanes Women's 6pk Cotton Ribbed Heather Hipster - Assorted,10.49
Frida Mom Postpartum Abdominal Support Binder,34.99
Cactus Short Sleeve Graphic T-Shirt - Dark Mustard Yellow,8.99
Hanes Women's 6pk Comfort Flex Fit Seamless Boy Shorts - Colors May Vary,16.99
Lace-Up High Waist High Leg Extra Cheeky Bikini Bottom - Shade & Shore,23.00
Yellowstone Short Sleeve Graphic T-Shirt - Blue,10.39
Avocado & Chili 3pk Liner Socks - Xhilaration White/Black/Heather Gray 4-10,6.00
Ruffle Shoulder Ruched Full Coverage One Piece Swimsuit - Kona Sol,41.00
Smocked Waist Double Slit Maxi Skirt Cover Up Dress - Kona Sol,26.50
Plus Size Short Sleeve V-Neck T-Shirt - Ava & Viv Red,8.50
Light Support Strappy Longline Sports Bra - All in Motion,20.00
Marled 3pk Ankle Socks - Universal Thread Black/Navy/Gray 4-10,7.00
Tummy Control One Shoulder Ruched Full Coverage One Piece Swimsuit - Kona Sol,43.00
Ribbed Longline Bralette Bikini Top - Wild Fable,15.00
Scoop Bralette Bikini Top - Wild Fable Tropical Print,15.00
Longline Twist Bikini Top - Kona Sol,24.50
Long Sleeve U-Neck Tunic Top - Knox Rose,22.40
Long Sleeve Button-Down Shirt - Knox Rose,23.80
Tie-Front Ruched Full Coverage One Piece Swimsuit - Kona Sol,40.00
Cross Front Pucker Textured Halter Bikini Top - Wild Fable,18.00
Mixed Fruit 6pk Low Cut Socks - Xhilaration Assorted Colors 4-10,6.00
Eyelet Tank Top - Universal Thread White,28.00
Finish Line Striped Cushioned 6pk No Show Athletic Socks - All in Motion 4-10,14.00
Miller Lite Oversized Short Sleeve Graphic T-Shirt - Ivory,13.59
Hanes Premium Women's 4pk Cool Comfort Lightweight Liner Socks - 5-9,11.99
Lace Brami - Auden,15.30
Puff Long Sleeve V-Neck Twist Front Top - A New Day,28.00
Cozy Tank and Shorts Pajama Set - Colsie,15.00
Geo Square Sheer Tights - A New Day Black,8.50
All Pro Women's 3pk Ultralight Low Liner Athletic Socks - 4-10,7.99
Hanes Women's 6pk Comfort Flex Fit Seamless Bikini Underwear - Colors May Vary,16.99
Peds Women's High-Cut Full Cushion 4pk Sport No Show Socks - 5-10,8.50
High-Rise Slim Straight Jeans - Universal Thread Black,28.00
Lucky Rainbow Graphic Sweatshirt - White,19.99
So Soft Triangle Bralette - Auden,15.00
Sleeveless A-Line Dress - Knox Rose,35.00
Light Support Brushed Sculpt Bold Stitch Sports Bra - All in Motion,24.00
Light Support Brushed Sculpt Asymmetrical Sports Bra - All in Motion,20.00
Satin Sleep Camisole - Stars Above,12.99
Triangle Wrap Bikini Top - Wild Fable Multi Floral Print,20.00
French Terry Wide Leg Lounge Pants - Colsie,25.00
Flex Shirred Cropped Tank Top - All in Motion,18.00
Bellaband Maternity Support Belt - Isabel Maternity by Ingrid & Isabel,12.99
Pucker Textured High Leg Cheeky Bikini Bottom - Wild Fable,18.00
50D Opaque Tights - A New Day,8.50
Super-High Rise Distressed Straight Jeans - Wild Fable Light Wash,25.00
Cat 3pk Crew Socks - A New Day Black 4-10,6.00
Peds All Day Active Women's 6pk Ultra Low No Show Tab Liner Athletic Socks,11.50
High-Rise Anywhere Flare Jeans - Knox Rose,32.38
Fine Gauge Sweater Tank - A New Day,16.65
Nursing Cami - Auden,17.00
Grommet Scallop One Piece Swimsuit - Kona Sol,43.00
Fleece Lounge Sweatshirt - Colsie,20.00
Fashion Forms Women's Water Wear Push-Up Pads,8.99
Triangle Bikini Top - Wild Fable,12.00
Hanes Performance Women's Cushioned 6pk No Show Tab Athletic Socks 5-9,13.99
"Black History Month Women's High-Rise 'Bold, Black, Bougie' Athletic Jogger Pants - Beige",21.25
Short Sleeve Wrap Dress - Knox Rose,40.00
Tiered Tankini Top - Aqua Green®,33.50
Sublime Oversized Dalmation Graphic Sweatshirt - White,18.60
All Pro by Gold Toe Women's Ultra Invisible 10pk No Show Socks - Black/White/Gray 4-10,12.99
Bandeau Bikini Top - Wild Fable,15.00
Lightweight Active Mesh 6pk No Show Athletic Socks - All in Motion 4-10,14.00
Bishop 3/4 Sleeve Eyelet A-Line Dress - Knox Rose,38.00
Sleeveless Babydoll Woven Dress - Wild Fable,16.00
Panda 10pk Low Cut Socks - Xhilaration Black/White/Gray 4-10,9.00
Lightweight 10pk No Show Athletic Socks - All in Motion 4-10,16.00
Opaque Gold Stud Backseam Thigh Highs - A New Day Black,8.50
Hanes Performance Women's Lightweight 6pk Liner Athletic Socks 5-9,13.99
Cute Pups 6pk Low Cut Socks - Xhilaration Assorted Colors 4-10,6.00
Crochet Cover Up Skirt - Wild Fable Black,18.00
High-Rise Vintage Midi Jean Shorts - Universal Thread,16.98
Tie Detail Underwire Bikini Top - Wild Fable,20.99
Flex Ribbed High-Rise 7/8 Leggings - All in Motion,27.12
Empowered Women Empower Women Short Sleeve Graphic T-Shirt - Heather Gray,10.39
Fleece Pullover Sweatshirt - Universal Thread,25.00
Tie-Front Pointelle Cardigan - Wild Fable,18.70
Hanes Women's 6pk Pure Comfort Organic Cotton Briefs - Assorted,17.49
High-Rise Skinny Jeans - Universal Thread,24.00
Hanes Women's 6pk Hi-Cut Panties PP43WB - Colors May Vary,10.49
6pk Stranger Things Low Cut Socks - Assorted Colors 4-10,9.00
120D Blackout Tights - A New Day Black,8.50
3pk Geo Floral Pattern Crew Socks - A New Day Ivory/Black 4-10,6.00
Mixed Net Floral Tights - A New Day Black,10.00
Medium Support Square Neck Crossback Sports Bra - All in Motion,18.50
Fruit of the Loom Women's 10pk Beyondsoft Bikini Underwear - Colors May Vary,18.99
High-Waisted Leggings - A New Day Black L,14.99
Hanes Women's Cotton 6pk PP41AS Hipster briefs - Colors May Vary,10.49
French Terry Polo Sweatshirt - All in Motion,24.00
So Soft Bralette - Auden,12.75
Heart Detail Bralette Bikini Top - Wild Fable Purple,18.00
Jockey Generation Women's Recycled Seamfree Ribbed Plunge Bralette,16.65
High-Waisted Leggings - A New Day Black XXL,14.99
'Be Bright' Stars 3pk Liner Socks - Xhilaration Black/White 4-10,6.00
Happy Mind Short Sleeve Graphic T-Shirt - Charcoal Gray,7.99
Long Sleeve Embroidered Blouse - Knox Rose,23.25
Short Sleeve V-Neck Linen T-Shirt - A New Day,12.00
Hanes Women's Extended Size 10pk Low Cut Socks - 8-12,10.99
Hanes Premium Women's 4pk Tummy Control Briefs Underwear - Colors May Vary,18.99
Side-Tie Cover Up Sarong Skirt - Kona Sol,20.00
All Pro Women's 6pk Ultra Soft Low Cut Socks - White 4-10,11.99
French Terry Lounge Hooded Sweatshirt - Colsie,18.15
Hanes Performance Women's Extended Size Cushioned 6pk Ankle Athletic Socks - White 8-12,13.99
Faux Leather Relaxed Fit Blazer - A New Day Brown,40.00
2pk Minnie Mouse Cozy Ankle Socks - Red/White 4-10,9.00
High Waisted Jeggings - A New Day,20.00
Striped Herringbone Thigh Highs - A New Day Black,8.50
Beautifully Soft Leggings - Stars Above,16.99
Racerback Tankini Top - Aqua Green®,32.00
Crochet Cover Up Skirt - Wild Fable Orange,20.00
Guns N' Roses So Fine Short Sleeve Graphic T-Shirt - Gray,11.99
Hanes Premium 6 Pack Women's Cushioned No Show Socks - White 8-12,11.99
Cotton Seamless Bralette - Auden,12.75
Slim Fit Tank Top - A New Day,22.00
Keep It Kind Graphic Sweatshirt - Blue,19.99
Everyday Lightly Lined Demi T-Shirt Bra - Auden,9.24
Bishop 3/4 Sleeve Embroidered Blouse - Knox Rose,31.50
Jewel Fishnet Tights - A New Day Black,10.20
Hanes Premium Women's Cushioned 6pk No Show Socks - Black 5-9,11.99
Short Sleeve Oversized Graphic T-Shirt - Wild Fable,12.80
High-Waist Seamless French Terry Leggings - A New Day,18.00
High-Rise Utility Ankle Pants - A New Day,27.99
Multipattern 6pk Crew Socks - A New Day White 4-10,9.00
All Pro Women's 6pk Pack Aqua No Show Cush & Tab Athletic Socks - White 4-10,11.99
Short Sleeve Relaxed Fit V-Neck Cropped T-Shirt - Wild Fable,8.25
Nickelodeon Rugrats 6pk Low Cut Socks - Assorted Colors 4-10,9.00
Perfectly Cozy Long Sleeve Notch Collar Gown - Stars Above Gray,16.99
3pk Pointelle Stitch Ankle Socks - Universal Thread 4-10,7.00
Fleece Lounge Shorts - Colsie,15.00
High-Rise Skinny Jeans - Universal Thread Black,28.00
One Shoulder Plunge Cut Out One Piece Swimsuit - Shade & Shore,40.00
Cozy Ribbed Crossover Waistband Flared Legging Pajama Pants - Colsie,20.00
Fruit of the Loom Women's Seamless Hipster 6pk -Colors May Vary,16.89
Puff 3/4 Sleeve Dress - A New Day,33.50
Seamless Cable Knit Bra - JoyLab,17.00
Jockey Generation Women's Seamfree® Tank Strap Bralette,16.00
Tie-Front Pique Textured Bralette Bikini Top - Wild Fable,18.00
6pk Lightweight Varsity Striped Liner Athletic Socks - All in Motion Assorted Colors 4-10,14.00
Plus Size Lace Briefs - Auden,5.95
Extended Size Cushioned Active Accents 4pk No Show Tab Athletic Socks - All in Motion Gray/White 8-12,12.00
2pk Lilo & Stitch Cozy Ankle Socks - Blue/Pink 4-10,9.00
Tiered Maxi Cover Up Dress - Kona Sol,28.00
Crochet Necklace Plunge One Piece Swimsuit - Shade & Shore Black,40.00
Spacedye Lightweight 4pk Liner Athletic Socks - All in Motion 4-10,12.00
Rainy Barnyard Animals 3pk Liner Socks - Xhilaration Heather Gray/Black/White 4-10,6.00
Triangle Bikini Top - Shade & Shore Floral Print,23.00
Hanes Premium Women's 4pk Boyfriend Cotton Stretch Boxer Briefs -Colors May Vary,18.99
2pk Colorblock Ribbed Super Soft Crew Socks - Universal Thread 4-10,7.00
Pullover Maternity Sweatshirt - Isabel Maternity by Ingrid & Isabel,26.00
Striped Accents Cushioned 3pk No Show Double Tab Athletic Socks - All in Motion 4-10,10.00
6pk Cushioned Mesh Finish Line No Show Athletic Socks - All in Motion 4-10,14.00
4pk Cushioned Diamond Accents No Show Athletic Socks - All in Motion,12.00
Open Fishnet Tights - A New Day,10.00
All Pro Women's 6pk Sport Liner Athletic Socks - White/Black/Gray 4-10,11.99
Outline Rose Sheer Anklet Socks - A New Day Black 4-10,4.00
Camping Critters 6pk Low Cut Socks - Xhilaration Blue/Purple/Gray 4-10,6.00
Long Sleeve Embroidered Top - Knox Rose,21.75
Plus Size High-Rise Ankle Skinny Jeans - Ava & Viv,25.50
Cropped Hoodie - Wild Fable,15.30
Baby Tank Top - Future Collective with Gabriella Karefa-Johnson,8.00
Chevron Cushioned 4pk No Show Athletic Socks - All in Motion 4-10,10.20
Spaghetti Strap Bodysuit - Wild Fable,11.07
NBA Warriors Oversized Graphic Hoodie - Blue,23.99
3/4 Sleeve A-Line Dress - Knox Rose,38.00
Lace-Up Longline Bikini Top - Wild Fable,22.00
Hanes Premium Women's Extended Size Cool Comfort Lightweight 6pk No Show Socks,11.99
Whitney Houston Short Sleeve Graphic T-Shirt - Ivory,10.39
Spring Open Layering Duster Sweater - Ava & Viv,32.00
Cushioned 6pk Liner Athletic Socks - All in Motion 4-10,14.00
Hope & Henry Womens' Short Sleeve A-Line Dress,49.95
High Support Embossed Racerback Run Sports Bra - All in Motion,27.75
Protect Your Peace Graphic Sweatshirt - Cream,19.99
Seamless Briefs 6pk - Auden Assorted,10.00
Lightweight 4pk Liner Athletic Socks - All in Motion 4-10,12.00
Mid-Rise Swim Bikini Briefs - Aqua Green®,23.00
Shirred Side Hipster Bikini Bottom - Shade & Shore Multi Floral Print,20.00
Brushed Sculpt Corded High-Rise Leggings - All in Motion,27.20
Women’s High Support Sculpt Zip Front Bra - All in Motion,24.00
Cushioned 4pk No Show Athletic Socks - All in Motion 4-10,12.00
High Neck Tankini Top - Kona Sol,28.50
Elbow Sleeve Smocked Maternity Top - Isabel Maternity by Ingrid & Isabel,24.00
Valentine's Day Pajama Set,21.25
Disney 100 Mickey Mouse Clubhouse 6pk Low Cut Socks - Assorted Colors 4-10,9.00
Hanes® Premium Women's Smoothing Seamless 3pk Basic High Cut Briefs - Colors May Vary,18.99
Short Sleeve V-Neck Maternity T-Shirt - Isabel Maternity by Ingrid & Isabel,12.99
High-Rise Slim Straight Jeans - Universal Thread Medium Wash,24.00
Plus Size Satin Tank Top - Ava & Viv,22.00
Hanes Performance Women's Extended Size Cushioned 6pk No Show Athletic Socks 8-12,13.99
Bishop Long Sleeve Blouse - Knox Rose,27.75
Mid-Rise Straight Leg Ankle Utility Pants - Knox Rose Brown,25.49
Ruffle High Leg Extra Cheeky Bikini Bottom - Shade & Shore,18.00
Boyz N The Hood Short Sleeve Graphic T-Shirt - Charcoal Gray,10.39
Leopard Print Twist-Front Bikini Top - Kona Sol Cream,25.50
"Contour Power Waist High-Rise Shorts 11"" - All in Motion Black",18.00
Drawstring High-Waist Lounge Leggings - A New Day,20.00
Fruit of the Loom Women's Seamless Hi-Cut 6pk Underwear - Colors May Vary,16.99
Jockey Generation Women's Retro Vibes Ribbed Jogger Pajama Pants,20.35
Sailor Moon Cropped Short Sleeve Graphic T-Shirt - Blue,11.99
Flutter Sleeve Eyelet Embroidered Top - Knox Rose,30.00
Shimmer Bralette - Colsie,11.05
Henley Neck Sweater - A New Day,28.00
3pk Garter Stitch Ankle Socks - Universal Thread 4-10,7.00
Drawstring High Waisted Lounge Leggings with Pockets - A New Day Black,20.00
U-Neck Slim Fit Tank Top - A New Day,6.40
Hanes Premium Performance Women's Lightweight Textured Arch 6pk No Show Athletic Socks 5-9,13.99
Lightweight Mesh Striped L-Band 6pk No Show Athletic Socks - All in Motion 4-10,14.00
French Terry Crewneck Sweatshirt - All in Motion,22.20
High-Rise Slim Fit Ankle Pants - A New Day,29.00
Active Sole Cushioned 4pk No Show with Heel Tab Athletic Socks - All in Motion 4-10,12.00
Peds Women's Tie-Dye Mesh 4pk Ultra Low Liner Casual Socks 5-10,8.50
Over Belly Skinny Maternity Jeans - Isabel Maternity by Ingrid & Isabel Dark Wash,29.99
Heart Detail Ultra High Leg Cheeky Bikini Bottom - Wild Fable Purple,18.00
Demi Daydream Push-Up Bra - Auden,13.88
All Pro by Gold Toe Women's Lightweight 10pk No Show Athletic Socks - 4-10,12.99
Powersox Women's Cushioned 6pk No Show Tab Athletic Socks,13.99
Pique Textured High Leg Cheeky High Waist Bikini Bottom - Wild Fable,20.00
Fleece Shawl Collar Jacket - Knox Rose,38.00
Shirred V-Neck One Piece Swimsuit - Aqua Green®,45.00
Ribbed Cheeky Bikini Bottom - Shade & Shore Lavender,20.00
Minnie Mouse Polka Dot Slipper Socks with Pom Poms and Grippers - Red 4-10,12.00
Colorful Print Checkered Wide Leg Graphic Pants,19.99
Shirred Underwire Bikini Top - Wild Fable Cherry Print,22.00
Ultra Cheeky Bikini Bottom - Wild Fable,15.00
Cinch-Front One Piece Swimsuit - Aqua Green®,45.00
Zion Graphic Sweatshirt - Orange Tie-Dye,19.99
Disney Grogu Stronger Than You Think Graphic Sweatshirt - Blue,18.69
Hanes Women's 10pk Cotton Bikini Underwear - Colors May Vary,15.99
Shoulder Tie Bralette Bikini Top - Wild Fable Peach Paisley Print,15.00
Fruit of the Loom Women's Breathable Lightweight 6pk Liner Athletic Socks 4-10,10.99
Short Sleeve Essential T-Shirt Maternity Dress - Isabel Maternity by Ingrid & Isabel,24.00
Fruit of the Loom Women's 10pk Beyondsoft Hipster Underwear - Colors May Vary,18.99
Cut Out Cross Front Bralette Bikini Top - Wild Fable Orange,18.00
Plunge Flounce Neckline One Piece Swimsuit - Shade & Shore,40.00
Bell Long Sleeve Blouse - Wild Fable,22.00
Yellowstone Dutton Ranch Graphic Sweatshirt - Black,16.00
All Pro Women's Perfect Heel Forming Fit 6pk Liner Athletic Socks - White/Gray/Black 4-10,11.99
French Terry Scoop Sweatshirt - Universal Thread,28.00
Hanes Premium 6pk Women's Comfort Soft Lightweight Crew Socks - Black,9.24
Ruffled V-Neck Longline Triangle Bikini Top - Shade & Shore,23.00
Hipster Bikini Bottom - Shade & Shore Multi Floral Print,20.00
Contour Curvy High-Rise Straight Leg Pants with Power Waist - All in Motion,28.00
Waffle Knit Lounge Sweatshirt - Stars Above,29.99
Fashion Forms® Women's Lift It Up Plunge Backless/Strapless Adhesive Bra - Beige,21.99
TLC Short Sleeve Graphic T-Shirt - Light Blue,11.99
Puff 3/4 Sleeve Jumpsuit - Knox Rose,40.00
Flutter Short Sleeve Top - Knox Rose,30.00
All Pro Women's Lightweight 10pk No Show Tab Socks - White/Gray/Black 5-10,12.99
Super-High Rise Straight Jeans - Wild Fable Black Wash,25.00
3pk Serene Floral Crew Socks - A New Day Ivory/Heather Gray/Blue 4-10,6.00
Hanes Women's 6pk Pure Comfort Organic Cotton Hipster Underwear - Assorted,17.49
'Hoppy St. Paddy's Day' St. Patrick's Day Knee High Socks - Navy/Green 4-10,5.00
Tab Side Cheeky Bikini Bottom - Wild Fable,15.00
Fruit of the Loom Women's 6pk Cotton Heather Low-Rise Briefs - Colors May Vary,9.79
Diamond Openwork Tights - A New Day Black,8.50
20D Light Sheer Sparkle Control Top Tights - A New Day Sand,8.50
Lightweight 6pk Liner Athletic Socks - All in Motion 4-10,14.00
Side-Tie Adjustable Coverage Bikini Bottom - Wild Fable,15.00
Sleeveless Corset Satin Bodycon Dress - Wild Fable,35.00
Warm Essentials by Cuddl Duds Women's Active Thermal Crewneck Top,19.99
DENIZEN® from Levi's® Women's High-Rise Skinny Jeans,23.49
Enough Plants Short Sleeve Graphic T-Shirt - Blue,7.99
DENIZEN® from Levi's® Women's Mid-Rise Bootcut Jeans,29.99
Padded Seamless Bandeau - Auden,12.99
3pk Floral Liner Socks - A New Day Cream/Gray 4-10,6.00
3pk Contemporary Floral Crew Socks - A New Day Brown Heather/Ivory 4-10,6.00
Bandeau Flounce Front Ruched Full Coverage One Piece Swimsuit - Kona Sol Cream,43.00
Velour Sweatshirt - JoyLab,23.80
High-Rise Slim Straight Jeans - Universal Thread Dark Wash,24.00
3pk Mesh Stripe No Show Tab Athletic Socks - All in Motion White/Light Gray/Dark Gray 4-10,10.00
Jockey Generation Women's Modal Tank,12.00
Cushioned Cheetah Mesh Pattern 4pk No Show Double Tab Athletic Socks - All in Motion White 4-10,12.00
High-Rise Cutoff Jean Shorts - Wild Fable,14.40
Side Tab High Leg Cheeky Bikini Bottom - Wild Fable Orange,15.00
Lilo & Stitch Fluffy Slipper Socks with Grippers - Blue,12.00
High Waist Medium Coverage Bikini Bottom - Kona Sol,20.00
Hanes Premium Women's 6pk Heel Toe Cushion with Arch Support Super No Show Socks - 5-9,11.99
Faux Leather Moto Jacket - Wild Fable Black,42.00
All Pro Women's 6pk No Show Double Tab Athletic Socks - 4-10,11.99
Seamless Crossover Waistband Bike Shorts - Colsie,15.00
80D Super Opaque Tights - A New Day Black,8.50
10pk Cushioned Marled Heel/Toe No Show Athletic Socks - All in Motion White 4-10,16.00
Short Sleeve Lace-Up Back Fitted Romper - Wild Fable,22.00
Long Sleeve Popover Top - A New Day,21.25
Tall Triangle Bikini Top - Wild Fable,18.00
Sweater Tank Top - A New Day Green,18.00
Short Sleeve Lace-Up Top - Knox Rose,28.00
Maidenform Self Expressions Women's Side Smoothing Strapless Bra SE6900,19.99
Easy Seamless Cami - A New Day,12.00
Lightly Lined Wirefree Lounge Bra - Auden,13.88
Seamless Bodysuit - Colsie,15.00
Hanes Premium Women's Pinstripe Perfect Tights - Black,11.00
Crochet Triangle Bikini Top - Wild Fable Peach,24.00
ASSETS by SPANX Women's All Over Faux Leather Leggings,40.00
Denim Lace-Front Corset Tank Top - Wild Fable,22.00
Super-High Rise Distressed Mom Jeans - Wild Fable Light Wash,22.00
Colorblock Lightweight 3pk Liner Athletic Socks - All in Motion Assorted Color 4-10,10.00
Tie Back Tankini Top - Kona Sol,28.50
Ruffle Cheeky Bikini Bottom - Shade & Shore Violet,18.00
Triangle Bikini Top - Wild Fable Purple Butterfly Print,15.00
Simply Perfect by Warner's Women's Underarm Smoothing Seamless Wireless Bra,21.99
2pk Cow Cozy Low Cut Socks - Purple 4-10,7.00
Ruffle Shoulder Plunge One Piece Swimsuit - Shade & Shore Ditsy Floral Print,40.00
Mid-Rise Tapered Fit Pants - Knox Rose,35.00
High Leg Cheeky High Waist Bikini Bottom - Wild Fable Black,20.00
Fruit of the Loom Women's 6pk Comfort Supreme Briefs - Colors May Vary,14.99
Puff Short Sleeve Peasant Top - Universal Thread,25.00
Sailor Moon Wide Leg Graphic Pants - Pink,21.99
High-Rise Slim Fit Bi-Stretch Ankle Pants - A New Day,26.82
High-Rise Slim Fit Effortless Pintuck Ankle Pants - A New Day,30.00
Black History Month Target x Sammy B Women's Long Sleeve Mesh Bodycon Dress - Pink Floral,38.25
ASSETS by SPANX Women's High-Waist Mid-Thigh Super Control Shaper,24.00
High-Rise Cargo Pants - Future Collective with Gabriella Karefa-Johnson,36.00
V-Neck Tunic Sweater - A New Day,22.50
High-Rise Crochet Knit Flare Pants - Wild Fable,20.00
High Neck Babydoll - Auden,25.00
High-Rise Raw Hem Taper Denim Cropped Overalls - Universal Thread,40.00
Woven Peek-a-Boo Tie-Front Maternity Dress - Isabel Maternity by Ingrid & Isabel Tan Floral,32.00
Monster High Cropped Short Sleeve Graphic T-Shirt - Black,11.99
3pk Cow Print Liner Socks - A New Day Ivory/Black/Brown 4-10,6.00
Long Sleeve Thermal Top - Knox Rose,20.00
Crewneck Pullover Sweater - A New Day,23.12
Maternity Jumpsuit - Isabel Maternity by Ingrid & Isabel,36.00
Cushioned Active Accents 6pk No Show Athletic Socks - All in Motion 4-10,14.00
ASSETS by SPANX Women's Seamless Leggings - Black,30.00
Slim Fit Seamless Ribbed Tank Top - A New Day,14.40
Long Sleeve Fit T-Shirt - A New Day,17.60
U-Wire Halter Bandeau Bikini Top - Shade & Shore Floral Print,23.00
Maidenform Self Expressions Women's Multiway Push-Up Bra SE1102,19.99
Mesh Insert High Waist Bikini Bottom - Shade & Shore Black,23.00
Long Sleeve Twist Cut Out Dress - A New Day,38.00
Sanrio Badtz Maru Graphic Sweatshirt - Green,21.99
Checkerboard Sheer Anklet Socks - A New Day Black 4-10,4.00
Over Belly Ponte Maternity Pants - Isabel Maternity by Ingrid & Isabel,27.99
One Shoulder Seamless Ribbed Tank Top - A New Day,14.40
Ruffle Extra Cheeky Bikini Bottom - Shade & Shore Black,18.00
All Pro Women's Extended Size Aqua FX 6pk No Show Athletic Socks - White 8-12,11.99
Hanes Premium Women's Cool & Comfortable Microfiber Briefs 4pk,17.56
Demon Slayer Short Sleeve Graphic T-Shirt - Black,10.39
High Waist Bikini Bottom - Kona Sol,23.00
Double O-Ring with Lace-Up Back One Piece Swimsuit - Shade & Shore Off-White,42.00
High-Rise Skinny Utility Pants - Knox Rose,29.99
6pk Lilo & Stitch Tie-Dye Low Cut Socks - Assorted Colors 4-10,9.00
Ruffle Detail Triangle Bikini Top - Wild Fable Orange Gingham,20.00
Hanes Premium 6 Pack Women's Comfort Soft Lightweight Low Cut Socks,9.99
Fine Gauge V-Neck Sweater - A New Day,19.80
Star Wars 6pk Low Cut Socks - Assorted Colors 4-10,9.00
Balloon Long Sleeve Woven Dress - Ava & Viv,35.00
High-Rise Slim Fit Kick Flare Pull-On Pants - A New Day,29.00
Hanes® Premium Women's Smoothing Seamless 3pk Briefs - Colors May Vary,18.99
3pk Cushioned Tie-Dye and Striped Ankle Socks - Universal Thread 4-10,7.00
Hanes Performance Women's Cushioned 6pk Crew Athletic Socks - Black 5-9,13.99
Full-Zip Windbreaker Jacket - All in Motion,40.00
Mid-Rise French Terry Acid Wash Jogger Pants - JoyLab,31.45
Jockey Generation Women's Slimming Tank Undershirt,18.00
Ribbed Sweater Skirt - A New Day,25.00
Side-Tie Adjustable Coverage Ultra High Leg Bikini Bottom - Wild Fable Floral Print,15.00
Crossover V-Waistband Leggings - A New Day Black,20.00
Light Support Brushed Strappy Crop Sports Bra - All in Motion,20.00
Animal Yogis 3pk Liner Socks - Xhilaration Blue/White/Gray 4-10,6.00
Cozy Hacci Leggings with Pockets - A New Day,18.00
Light Support Brushed Sculpt Halter Midline Sports Bra - All in Motion,16.00
Split Swim Skirt - Aqua Green® Black,26.00
Scoop Front High Leg Cheeky Bikini Bottom - Wild Fable Light Green,15.00
Wide Ribbed Ring Medium Coverage One Piece Swimsuit - Kona Sol,40.00
Hanes Women's Cotton Sporty 6pk Boy Shorts - Colors May Vary,10.49
Jockey Generation Women's Slimming Shorts,14.00
Summer Sloth and Panda 3pk Liner Socks - Xhilaration Mint/White/Heather Gray 4-10,6.00
Lucky Charms Oversized Short Sleeve Graphic T-Shirt - Tie-Dye,13.59
Striped Racerback Tankini Top - Kona Sol Navy Blue,27.00
Fruit of the Loom Women's Extended Size Cushioned 6pk Ankle Athletic Socks 8-12,6.99
Ruffle Triangle Bikini Top - Wild Fable,18.00
Lightly Lined Strapless Bra - Auden,15.00
Extended Size Active Accents Cushioned 4pk No Show Tab Athletic Socks - All in Motion 8-12,12.00
High Support Convertible Strap Sports Bra - All in Motion,18.21
V-Neck Destructed Pullover Sweater - Wild Fable,22.40
Chiffon Midi Skirt - Wild Fable,25.00
Fishnet Anklet with Bow - A New Day,4.00
Balloon Long Sleeve Shirtdress - Ava & Viv,35.00
Seamless Ribbed Leggings - Colsie,17.00
Super-High Rise Vintage Straight Jeans - Universal Thread Medium Wash,32.00
Denim Jacket - A New Day Blue,32.30
Wirefree Nursing Bra - Auden,15.71
Flyaway Bandeau Tankini Top - Kona Sol Multi,28.50
Simplicity High-Rise Striped Leggings - All in Motion,22.20
Faux Sarong Skirtini Bikini Bottom - Shade & Shore White,24.00
Double Tunnel Bikini Top - Kona Sol,21.50
High-Rise Utility Pants - Universal Thread,29.99
Cheeky Bikini Bottom - Wild Fable Peach Paisley Print,15.00
Super-High Rise Tapered Jeans - Wild Fable Black Denim,25.00
2pk Flowers & Mushrooms Cozy Liner Socks - Ivory 4-10,7.00
Simply Perfect by Warner's Women's Super Soft Wirefree Bra,21.99
Seamless Bikini 6pk - Auden Assorted,10.00
Unders by Proof Period Underwear Regular Absorbency Brief - Black,29.99
Mini A-Line Skirt - Wild Fable,18.00
Mid-Rise Boyfriend Jeans - Universal Thread Light Wash,36.00
100% Cotton Gauze Sleep Dress - Stars Above,21.99
Cropped Hooded Sweatshirt - Wild Fable,20.00
Short Sleeve Slim Fit Scoop Neck T-Shirt - A New Day,4.12
Jockey Generation Women's Retro Vibes Ribbed Pajama Shorts,15.72
Cushioned 4pk No Show Athletic Socks - All in Motion 4-10,12.00
Pucker Square Neck Wide Strap Bralette Bikini Top - Wild Fable,18.00
6pk Nightmare Before Christmas Low Cut Socks - Assorted Colors 4-10,9.00
Hanes Premium Women's Cool & Comfortable Microfiber Bikini Panties 4pk,17.56
Pucker Textured Ring Detail Monokini One Piece Swimsuit - Shade & Shore,42.00
Mommy & Me Matching Family Pajama Set - White,27.00
Side-Tie Pique Textured Cheeky Bikini Bottom - Shade & Shore Dark Green,18.00
Ribbed Square Neck Bralette Bikini Top - Wild Fable,18.00
All Pro Women's 6pk Pack Aqua No Show Cush Athletic Socks - Gray 4-10,11.99
Easter Bunny Ears Premium Light Up - Spritz,5.00
Lace Trim Sleep Cami - Colsie,8.00
Cushioned Camo 6pk No Show Athletic Socks - All in Motion Assorted Colors 4-10,14.00
6pk Lettuce Edge Ankle Socks - A New Day 4-10,9.00
Ruched Ponte Mini Skirt - A New Day Black,25.00
French Terry Oversized Lounge Sweatshirt - Colsie,25.00
Fruit of the Loom Women's Breathable Lightweight 6pk No Show Tab Athletic Socks 4-10,10.99
Mid-Waist Extra High Leg Cheeky Bikini Bottom - Wild Fable,15.00
Strappy Lace-Up Peplum Tank Top - Wild Fable,20.00
3pk Sunflower Liner Socks - A New Day Oatmeal Heather/Yellow 4-10,6.00
20D Sheer Thigh Highs - A New Day Black,10.00
High Leg Cheeky Bikini Bottom - Wild Fable Orange Gingham,18.00
Chicago Bulls NBA Graphic Slim Pants - Black,20.99
Lace Nursing Bralette - Auden,17.00
Cushioned Marl Striped 6pk No Show Athletic Socks - All in Motion Assorted Colors 4-10,14.00
High-Rise Flare Jeans - Universal Thread,36.00
2pk Hedgehog & Checkers Cozy Low Cut Socks - Pink 4-10,7.00
NBA Lakers Oversized Short Sleeve Graphic T-Shirt - White,15.99
Plus Size Balloon Long Sleeve Blouse - Ava & Viv,25.00
2pk Cat Cozy Liner Socks - Gray 4-10,7.00
Plunge V-Neck Strappy Back Tankini Top - Kona Sol,30.00
Drape Front Jacket - Knox Rose,40.00
Ruffle Cheeky Bikini Bottom - Shade & Shore Purple Floral Print,18.00
Lace-Up Longline Bikini Top - Wild Fable Neon Green,20.00
Cross Front Cut Out Bodysuit - Wild Fable,13.60
Hanes Performance Women's Extended Size Lightweight 6pk Liner Athletic Socks - Black/White 8-12,13.99
Hanes Premium Women's 6pk Cool Comfort Lightweight Crew Socks - 5-9,11.99
V-Neck Fuzzy Sweater Tank - A New Day,14.30
2pk Harry Potter Cozy Ankle Socks - Red/Blue 4-10,9.00
Proof Underwear Heavy Absorbency Underwear - Black,34.99
Mesh Longline Bralette - Auden,15.00
The Rolling Stones Short Sleeve Graphic T-Shirt,11.04
Super-High Rise Mom Taper Jeans - Wild Fable Black Wash,18.70
Lightweight Pebble Patterned 6pk No Show Athletic Socks - All in Motion - White/Heather Gray 4-10,14.00
High-Rise Midi Jean Shorts - Universal Thread,17.60
Cotton Everyday Demi T-Shirt Bra - Auden,9.24
Side-Tie Cheeky Bikini Bottom - Shade & Shore Multi Tropical Print,20.00
Cheeky Bikini Bottom - Shade & Shore Off-White,18.00
Satin and Mesh Bralette - Auden,12.75
Ribbed Triangle Bikini Top - Wild Fable Geo Print,18.00
Lace and Mesh Bralette - Auden,15.00
Floral 3pk Crew Socks - A New Day Ivory/Heather Brown 4-10,5.99
SmileyWorld Smile More Graphic Sweatshirt - Blue,14.00
Cushioned 6pk Low Cut Athletic Socks - All in Motion 4-10,14.00
"Risque Stickies Reusable Nipple Covers, 2Cover(s)",14.95
Short Sleeve Button-Front Fitted Polo T-Shirt - Wild Fable,12.00
Care Bears Cropped Short Sleeve Graphic T-Shirt - Green,10.39
4pk Lightweight Random Feed No Show Athletic Socks - All in Motion Assorted Grays 4-10,12.00
Quilted Crew Sweatshirt - All in Motion,25.50
Striped Racerback Tankini Top - Kona Sol Multi,27.00
Bishop 3/4 Sleeve Embroidered Top - Knox Rose,30.00
High Leg Cheeky Bikini Bottom - Wild Fable Blue Marble Print,15.00
Cut Out One Shoulder Bikini Top - Wild Fable,18.00
Hanes Performance Women's Extended Size Lightweight Textured Arch 6pk No Show Athletic Socks 8-12,13.99
Velour Tank and Shorts Pajama Set - Colsie,15.30
Cropped Kick Flare Pull-On Pants - A New Day,24.65
ASSETS by SPANX Women's Remarkable Results All-In-One Body Slimmer,38.00
Fruit of the Loom Women's 10pk Cotton Briefs - Colors May Vary,15.49
Balloon 3/4 Sleeve Woven Top - Knox Rose,30.00
Hanes Premium Women's Back Seam Thigh High,9.00
Cotton Seamless Brami - Auden,12.75
High-Rise Slim Straight Fit Ankle Pull-On Pants - A New Day Heather Gray,23.12
U-Neck Multi-Way Bralette Bikini Top - Wild Fable Black & White Check Print,18.00
Tie-Front Dolman Short Sleeve T-Shirt - Ava & Viv,14.40
Super-High Rise Slim Straight Jeans - Wild Fable White,25.00
Pucker Texture Square Neck Bikini Top - Kona Sol,23.00
Shades of Beauty Short Sleeve Graphic T-Shirt - Beige,10.39
