,product_name,product_price
0,High-Waisted Classic Leggings - Wild Fable™ Black,$7.00
1,Tiny Tank Top - Wild Fable™,$4.00
2,90 Degree by Reflex - Women's Soft Comfy Lounge Shorts with Pockets,$19.99
3,Tonal Shamrocks St. Patrick's Day Crew Socks - Dark Green 4-10,$4.00
4,Short Sleeve Casual T-Shirt - A New Day™,$4.80
5,Plush Cotton Unisex Adult Bathrobe - Blue Nile Mills,$57.99 - $58.99
6,Gradient Shamrock St. Patrick's Day Low Cut Socks - Black 4-10,$2.00
7,Short Sleeve Ribbed T-Shirt - A New Day™,$6.40
8,"Alexander del Rossa Women's Raglan Sleep Shirt with Pockets, Long Sleeve Nightshirt, Lightweight Nightgown",$24.99
9,Short Sleeve Extended Shoulder T-Shirt - A New Day™,$8.00
10,Short Sleeve T-Shirt - Wild Fable™,$4.00
11,"Alexander del Rossa Women's Raglan Sleep Shirt, Short Sleeve Nightshirt, Lightweight Nightgown",$18.99
12,Long Sleeve Relaxed Fit Collared Button-Down Shirt - Universal Thread™,$25.00
13,Fashion Forms Women's Reusable Silicone Gel Petals,$8.99
14,Slim Fit Square Neck Tank Top - A New Day™,$6.40
15,Elbow Sleeve Boxy Cropped T-Shirt - A New Day™,$9.60
16,Short Sleeve V-Neck T-Shirt - A New Day™,$4.80
17,Fashion Forms Women's Dress Tape With Dispenser,$7.99
18,Laser Cut Thong - Auden™,$4.25 - $5.00
19,Doxie St. Patrick's Day Crew Socks - Dark Green 4-10,$4.00
20,Multipattern 6pk Crew Socks - A New Day™ Black 4-10,$9.00
21,Laser Cut Cheeky Underwear - Auden™,$4.25 - $5.00
22,Slim Fit Cropped Cami Tank Top - Wild Fable™,$2.40
23,Irish Pug St. Patrick's Day Crew Socks - Green 4-10,$4.00
24,Guinea Pig Low Cut Socks - Xhilaration™ Pink One Size,$1.50
25,Stretch Woven Tapered Cargo Pants - All in Motion™,$25.50 - $30.00
26,Long Sleeve Ribbed T-Shirt - A New Day™,$9.60
27,High-Rise Tapered Ankle Pull-On Pants - A New Day™,$25.00
28,Square Neck Tank Top - A New Day™,$4.80 - $6.40
29,Short Sleeve V-Neck Cropped T-Shirt - Wild Fable™,$3.50 - $4.25
30,"Alexander Del Rossa Women's Warm Winter Robe, Plush Fleece Full Length Long Bathrobe",$49.99
31,Lucky Llama St. Patrick's Day Crew Socks - Green 4-10,$4.00
32,Laser Cut Hipster - Auden™,$5.00
33,Smocked Waist Side Slit Cover Up Pants - Kona Sol™,$25.00 - $28.00
34,Laser Cut Cheeky Bikini Underwear - Auden™,$4.25 - $5.00
35,Sparkly Low Cut Socks - Xhilaration™ 4-10,$1.50
36,Micro Hipster Underwear - Auden™,$4.25 - $5.00
37,'Top of the Meowning to Ya' St. Patrick's Day Crew Socks - Heather Gray 4-10,$4.00
38,Beautifully Soft Fleece Lounge Jogger Pants - Stars Above™,$19.99
39,Oversized Long Sleeve Button-Down Shirt - Universal Thread™,$25.00
40,Muscle Tank Top - A New Day™,$6.40
41,Seamless Thong - Auden™,$5.00 - $6.00
42,Short Sleeve T-Shirt - Universal Thread™,$8.00
43,High-Waisted Ribbed Flare Leggings - Wild Fable™,$22.00
44,Slim Fit Short Sleeve V-Neck T-Shirt - Universal Thread™,$8.00
45,Rainbow with Fuzzy Clouds Low Cut Socks - Xhilaration™ Oatmeal Heather 4-10,$1.50
46,Long Sleeve Button-Down Cropped Shirt - Universal Thread™,$25.00
47,Hanes Premium 6 Pack Women's Cushioned Ankle Socks - 5-9,$11.99
48,Allover Lace Thong - Auden™,$6.00
49,Bonded Micro Thong - Auden™,$5.00
50,Bonded Micro Bikini Underwear - Auden™,$5.00
51,Perfectly Cozy Lounge Jogger Pants - Stars Above™,$19.99
52,Cotton Comfort Hipster Underwear - Auden™,$6.00
53,Comfort Bikini Underwear - Auden™,$5.00
54,Button-Up Cover Up Shirtdress - Kona Sol™,$28.00 - $30.00
55,Cozy Chenille Robe - Stars Above™,$37.99
56,Shamrock St. Patrick's Day Cozy Crew Socks - White 4-10,$5.00
57,Cotton Bikini Underwear - Auden™,$4.25 - $5.00
58,Square Neck Pointelle Pullover Sweater - Wild Fable™,$28.00
59,Stretch Woven Taper Pants - All in Motion™,$19.99 - $32.00
60,Active Muscle Tank Top - All in Motion™,$13.60
61,Cozy Marled 2pk Low Cut Socks - Universal Thread™ 4-10,$7.00
62,'Feelin' Clucky' St. Patrick's Day Crew Socks - Navy/Green 4-10,$4.00
63,Puff Short Sleeve Dress - A New Day™,$35.00
64,Striped 6pk Crew Socks - A New Day™ 4-10,$9.00
65,Pizza Llama Low Cut Socks - Xhilaration™ Pink 4-10,$1.50
66,Solid Knee High Socks - Xhilaration™ 4-10,$2.50
67,Linen Boxy Short-Sleeve T-Shirt - Universal Thread™,$9.60
68,Short Sleeve Shrunken T-Shirt - Universal Thread™,$8.00
69,Comfort Thong - Auden™,$4.25 - $5.00
70,Cozy Slouch Crew Socks - Universal Thread™ 4-10,$5.00
71,Mid-Rise Linen Pull-On Shorts - Universal Thread™,$16.00
72,Perfectly Cozy Wide Leg Lounge Pants - Stars Above™,$19.99
73,Sleeveless Knit Bodycon Dress - Wild Fable™,$18.00
74,Hanes Women's Cushioned 10pk Crew Socks - 5-9,$10.99
75,Striped Shamrock St. Patrick's Day Cozy Low Cut Socks - Green 4-10,$4.00
76,Bonded Micro Thong - Auden™,$5.00
77,Midi A-Line Slip Skirt - A New Day™,$25.00
78,Lace Bikini Underwear - Auden™,$5.95 - $7.00
79,Ribbed Tank Dress - Universal Thread™,$20.00
80,Hanes Premium 6 Pack Women's Cushioned Crew Socks - White 5-9,$11.99
81,Nursing Seamless Bra - Auden™,$16.99
82,Cotton Lace Trim Thong - Auden™,$5.10 - $6.00
83,Rib Triangle Bralette - Colsie™,$7.00
84,Cut Out Lace Thong - Auden™,$7.00
85,Cotton Front Placket Boy Shorts - Auden™,$6.00
86,Farmer Chicken Low Cut Socks - Xhilaration™ Blue Denim 4-10,$1.50
87,Sloth Low Cut Socks - Xhilaration™ Orange 4-10,$1.50
88,Cow Low Cut Socks - Xhilaration™ Heather Gray 4-10,$1.50
89,Seamless Hipster Underwear - Auden™ Green,$6.00
90,Fashion Forms Women's Reusable Full Figure Gel Petals Adhesive Strapless Backless Bra - Clear,$9.99
91,Rainy Day Pig Low Cut Socks - Xhilaration™ Charcoal Gray 4-10,$1.50
92,Cat Faces Ankle Socks - Xhilaration™ Peach 4-10,$2.50
93,Cat Hamburger Low Cut Socks - Xhilaration™ Light Heather Gray 4-10,$1.50
94,Low Cut Socks - Xhilaration™,$1.50
95,Fitted Crew Short-Sleeve T-Shirt - Universal Thread™,$8.00
96,Laser Cut Hipster Underwear - Auden™,$4.25 - $5.00
97,Ribbed Slim Fit Tank Top - A New Day™,$6.40
98,Seamless Bikini Underwear - Auden™,$5.00
99,Faux Fur Cozy Pull-On Slipper Socks,$6.80 - $8.00
100,Slim Fit Extended Shoulder Gauze Tank Top - A New Day™,$25.00
101,Seamless Slim Fit Tank Top - A New Day™,$12.00
102,Dr. Cat Low Cut Socks - Xhilaration™ Aqua Blue 4-10,$1.50
103,"Risque No Show Disposable Nipple Covers, 40petals",$12.95
104,Ultra High-Rise Flex Leggings - All in Motion™,$17.99 - $32.00
105,High-Waisted Flare Leggings - Wild Fable™,$17.00 - $20.00
106,Seamless Hipster Underwear - Auden™,$4.25 - $5.00
107,3pk Crew Socks - A New Day™ 4-10,$6.00
108,Cotton Cheeky Underwear with Lace Waistband - Auden™,$4.80 - $6.00
109,Sleeveless Cover Up Maxi Duster - Kona Sol™,$28.00 - $30.00
110,Shamrock Hearts St. Patrick's Day Cozy Low Cut Socks - Charcoal Heather/Green 4-10,$4.00
111,Square Neck Cropped Sweater Tank - Wild Fable™,$18.00
112,Brushed Sculpt Ultra High-Rise Flare Leggings - All in Motion™,$28.00
113,Seamless Boy Shorts - Auden™,$5.00
114,Micro Cheeky Underwear with Lace - Auden™,$5.00
115,Camping Hedgehogs Low Cut Socks - Xhilaration™ Light Blue 4-10,$1.50
116,Kindness Short Sleeve Graphic T-Shirt - Green Floral,$7.99
117,Beautifully Soft Cami and Shorts Pajama Set - Stars Above™,$19.99
118,Short Sleeve Oversized Graphic T-Shirt - Wild Fable™,$12.80
119,Hanes Women's Extended Size Cushioned 10pk Crew Socks - 8-12,$10.99
120,Cotton Boy Shorts - Auden™,$5.10 - $6.00
121,Beautifully Soft Short Sleeve Notch Collar Top and Shorts Pajama Set - Stars Above™,$21.99
122,Seamless Bralette - Auden™,$8.50 - $10.00
123,Strawberry Shortcake Short Sleeve Graphic T-Shirt - Pink,$10.39
124,Short Sleeve Cropped T-Shirt - Wild Fable™,$4.00 - $4.25
125,Striped 6pk Crew Socks - A New Day™ Black/White/Gray 4-10,$9.00
126,Lingerie Cheeky Underwear - Auden™,$7.00
127,Spaghetti Strap Bodysuit - Wild Fable™,$9.60
128,Lace Tanga Cheeky Underwear - Auden™,$5.95 - $7.00
129,Cotton Seamless Cheeky Underwear - Auden™,$5.10 - $6.00
130,Cotton Bikini Underwear with Lace - Auden™,$5.00
131,Nirvana Short Sleeve Graphic T-Shirt - Black,$10.39
132,Reversible Seamless Bralette - Colsie™,$7.00
133,Sloth Low Cut Socks - Xhilaration™ Green One Size,$1.50
134,Lace String Thong - Auden™,$5.95 - $7.00
135,Super-High Rise Distressed Straight Jeans - Wild Fable™ Medium Wash,$25.00
136,Open Cardigan - A New Day™,$28.00
137,Party Dino Ankle Socks - Xhilaration™ Cream 4-10,$2.50
138,Utility Midi A-Line Skirt - Universal Thread™,$22.95 - $26.49
139,Hanes Women's Extended Size 10pk Ankle Socks - 8-12,$10.99
140,Open-Front Cardigan - Universal Thread™,$23.80 - $28.00
141,Peds Women's Unseen 2pk Liner Casual Socks - 5-10,$5.50
142,Cotton Ribbed Side Cable Knee High Socks - Universal Thread™ 4-10,$5.10
143,Soft Stretch Pants - All in Motion™,$30.00
144,Nursing 2pk Pull Over Seamless Sleep Bra - Auden™,$19.99
145,Cotton Hipster Underwear with Lace Waistband - Auden™,$5.10 - $6.00
146,Seamless Bikini Underwear - Auden™,$4.25 - $5.00
147,Snorkeling Cow Low Cut Socks - Xhilaration™ Blue 4-10,$1.50
148,ASSETS by SPANX Women's High-Waist Shaping Tights,$18.00
149,Hanes Women's Cushioned 10pk Ankle Socks - 5-9,$10.99
150,High-Waisted Ultra Soft Leggings - Wild Fable™,$18.00
151,Relaxed Fit Spring Blazer - A New Day™,$38.00
152,Cozy Marled 2pk Crew Socks - Universal Thread™ 4-10,$5.95 - $7.00
153,Sparkly Workout Hamsters Low Cut Socks - Xhilaration™ Aqua 4-10,$1.50
154,Sleeveless Seamed Bodycon Dress - Wild Fable™,$12.00
155,Sleeveless Jumpsuit - Universal Thread™,$30.00
156,Long Sleeve T-Shirt - Universal Thread™,$11.20 - $14.00
157,Bonded Micro Briefs - Auden™,$5.00
158,Hanes Women's 10pk No Show Socks - 5-9,$10.99
159,Hello Kitty Short Sleeve Graphic T-Shirt - Brown,$10.39
160,Short Sleeve Rib Fitted Square Neck Baby T-Shirt - Wild Fable™,$8.00
161,Bee 3pk Crew Socks - A New Day™ Navy 4-10,$6.00
162,Cotton Thong - Auden™,$4.99 - $5.00
163,V-Neck Ribbed Seamless Tank Bra - JoyLab™,$22.00
164,Fruit Snails Low Cut Socks - Xhilaration™ Light Blue 4-10,$1.50
165,Beautifully Soft Fleece Sweatshirt - Stars Above™,$19.99
166,Brushed Sculpt Ultra High-Rise Leggings - All in Motion™,$25.00
167,Cotton Cheeky Underwear with Lace Waistband - Auden™,$6.00
168,ASSETS by SPANX Women's Original Shaping Tights,$16.00
169,Light Support V-Neck Cropped Sports Bra - All in Motion™,$9.91 - $22.00
170,Sheer Rose Thigh Highs - A New Day™ Black,$8.50
171,Reversible Ribbed Bralette - Colsie™,$5.95 - $7.00
172,Rainbow Shamrock St. Patrick's Day Knee High Socks - Assorted Colors 4-10,$5.00
173,House Plant Graphic Sweatshirt - Heather Olive Green,$19.99
174,Medium Support Seamless Cami Longline Sports Bra - All in Motion™,$16.00
175,3pk Waffle Crew Socks - Universal Thread™ 4-10,$7.00
176,Bell Long Sleeve Satin Fly Away Top - Wild Fable™,$22.00
177,Sleeveless Knit Skater Dress - Wild Fable™,$16.00
178,Relaxed Fit Essential Blazer - A New Day™ Black,$38.00
179,Long Sleeve Oversized Satin Button-Down Shirt - A New Day™,$25.00
180,Satin Robe - Stars Above™,$21.24 - $24.99
181,Slim Fit Tank Top - A New Day™,$4.80
182,Fern 3pk Crew Socks - A New Day™ Black 4-10,$6.00
183,Peds Women's Cushion Heel 2pk Liner Socks - Beige Nude 5-10,$5.50
184,Short Sleeve Relaxed Fit Cropped T-Shirt - Wild Fable™,$8.00 - $8.50
185,Contour Power Waist High-Rise Leggings - All in Motion™,$25.00
186,Fitted Corset Tank Top - Wild Fable™,$8.00
187,Matte Satin Essential Cami - A New Day™,$18.00
188,Lace Cheeky Underwear - Auden™,$5.10 - $6.00
189,Peds Women's Extended Size Cotton 2pk Unseen Liner Casual Socks,$5.50
190,Slip Dress - A New Day™,$25.00
191,Cozy Robe - Stars Above™,$29.99
192,Striped Beautifully Soft Pajama Pants - Stars Above™ Navy,$17.99
193,Long Sleeve Button-Down Shirtdress - Universal Thread™,$35.00
194,Lightweight Ombre 6pk No show Athletic Socks - All in Motion™ 4-10,$11.90
195,Mesh Hipster Underwear - Auden™,$5.10 - $6.00
196,Maternity Tank Top - Isabel Maternity by Ingrid & Isabel™,$9.99
197,Mixed Pattern Shamrock St. Patrick's Day Crew Socks - Black/Green 4-10,$4.00
198,Medium Support Seamless Cami Midline Sports Bra - All in Motion™,$9.99 - $16.00
199,Panda DJ Low Cut Socks - Xhilaration™ Periwinkle Blue 4-10,$1.50
200,Rainbow Shamrock St. Patrick's Day Cozy Crew Socks - Assorted Colors 4-10,$5.00
201,Beautifully Soft Short Sleeve NightGown - Stars Above™,$17.99 - $19.99
202,Low-Rise Wide Leg Cargo Pants - Wild Fable™,$28.00
203,Be Kind Short Sleeve Graphic T-Shirt - Black,$10.39
204,Festival Llama Low Cut Socks - Xhilaration™ Heather Gray 4-10,$1.50
205,Rainbow Stripe Knee High Socks - Xhilaration™ 4-10,$2.50
206,Short Sleeve V-Neck T-Shirt - Universal Thread™,$6.00 - $6.40
207,Short Sleeve Relaxed Fit V-Neck T-Shirt - Universal Thread™,$6.40 - $6.80
208,Seamless Briefs - Auden™,$6.00
209,Hanes Women's 10pk Cushioned Low Cut Socks - 5-9,$10.99
210,Pandas in Pool Floaty Low Cut Socks - Xhilaration™ Blue 4-10,$1.50
211,'Easy Beezy' Bee Low Cut Socks - Xhilaration™ Oatmeal Heather 4-10,$1.50
212,Zip-Front Jacket - All in Motion™,$25.50 - $30.00
213,High-Rise Skinny Ankle Pants - A New Day™,$29.00
214,Hanes Premium 6 Pack Women's Cushioned Crew Socks - Black 5-9,$11.99
215,Peds Women's 2pk Cozy Slipper Liner Socks 5-10,$7.22 - $8.50
216,Tie-Dye 3pk Ribbed Crew Socks - Universal Thread™ Blue/Gray 4-10,$7.00
217,Ruched Short Sleeve T-Shirt - Universal Thread™,$12.80
218,Shirred High Waist Bikini Bottom - Kona Sol™,$20.00 - $23.00
219,Hanes Premium Women's 6pk Cushioned No Show Socks - 5-9,$11.99
220,"""Drop It Like A Sloth"" Low Cut Socks - Xhilaration™ White 4-10",$1.50
221,Sleeveless Tiered Chiffon Fit & Flare Skater Dress - Wild Fable™,$35.00
222,Cotton Ribbed Hipster Underwear - Auden™,$5.10 - $6.00
223,Fashion Forms Women's Non-Adhesive Backless Strapless Petals,$7.99
224,Perfectly Cozy Sweatshirt - Stars Above™,$19.99
225,Animal Print Beautifully Soft Short Sleeve Notch Collar Top and Shorts Pajama Set - Stars Above™ Brown,$21.99
226,Multitasking Octopus Ankle Socks - Xhilaration™ Charcoal Gray 4-10,$2.50
227,"""Meowning Coffee"" Ankle Socks - Xhilaration™ Charcoal Gray 4-10",$2.50
228,'Stay Golden' Dog Ankle Socks - Xhilaration™ Cream 4-10,$2.50
229,Perfectly Cozy Shorts - Stars Above™,$14.99
230,Ultra High-Rise Rib Leggings - All in Motion™,$28.00
231,Sleeveless Tiered Mesh Fit & Flare Skater Dress - Wild Fable™ Black Polka Dots,$35.00
232,Long Sleeve Pullover Blouse - Universal Thread™,$25.00
233,Puff Short Sleeve T-Shirt - A New Day™,$16.00
234,Classic The Rolling Stones Short Sleeve Graphic T-Shirt - Black,$10.39
235,Ribbed Brami - Colsie™,$8.50 - $10.00
236,Hanes Premium Women's Sheer Thigh Highs,$9.00
237,Hanes Premium Women's 2pk Ultra Sheer Light Coverage Pantyhose,$16.00
238,Mesh Cheeky Underwear - Auden™,$5.10 - $6.00
239,Lace Bikini Underwear - Auden™,$7.00
240,6pk Mary Jane Fold Over Cuff Crew Socks - A New Day™ Black 4-10,$9.00
241,Budweiser Short Sleeve Graphic T-Shirt - White,$10.39
242,Beautifully Soft Pajama Shorts - Stars Above™,$12.99
243,Hanes Premium Women's 6pk Cushioned Low Cut Socks,$11.99
244,Fleece Sweatshirt - A New Day™,$20.00
245,Layering Sweater Cardigan - Universal Thread™,$30.00
246,Space Panda Ankle Socks - Xhilaration™ Heather Gray 4-10,$2.50
247,High-Rise Wide Leg Linen Pull-On Pants - A New Day™,$25.00
248,Dreaming Llamas Ankle Socks - Xhilaration™ Black 4-10,$2.50
249,High-Rise Plisse Flare Pants - Wild Fable™,$25.00
250,V-Neck Babydoll - Auden™,$25.00
251,Oversized Zip-Up Hoodie - Wild Fable™,$25.00
252,Foldover Waistband Sleep Boxer Shorts - Colsie™,$15.00
253,Beautifully Soft Pajama Pants - Stars Above™,$17.99
254,Simply Cool Short Sleeve Notch Collar Top - Stars Above™,$16.99
255,Beautifully Soft Notch Collar NightGown - Stars Above™,$16.99 - $19.99
256,Leprechaun Gnome St. Patrick's Day Low Cut Socks - Navy/Green 4-10,$2.00
257,Pear 3pk Low Cut Socks - A New Day™ 4-10,$6.00
258,Fruit of the Loom Women's Cushioned 6pk Crew Athletic Socks 4-10,$6.99
259,Striped 3pk Ankle Socks - Universal Thread™ 4-10,$7.00
260,Multipattern 6pk Low Cut Socks - A New Day™ White 4-10,$9.00
261,Irish Sheep St. Patrick's Day Low Cut Socks - Green 4-10,$2.00
262,"High-Rise Flex Shorts 3"" - All in Motion™",$25.00
263,Perfectly Cozy Jogger Pants - Stars Above™ Blue,$19.99
264,"French Terry Shorts 3.5"" - All in Motion™",$15.99 - $16.00
265,Vacation Bear Low Cut Socks - Xhilaration™ Blue 4-10,$1.50
266,Lightweight Striped 6pk No Show Athletic Socks - All in Motion™ 4-10,$11.90
267,Striped Knee High Socks - Xhilaration™ White/Black/Pink 4-10,$2.50
268,Long Sleeve Oversized Button-Down Boyfriend Shirt - A New Day™,$24.99 - $25.00
269,Puff Short Sleeve Wrap Dress - A New Day™,$22.96 - $28.00
270,Long Sleeve T-Shirt - A New Day™ Striped,$11.25
271,Schitt's Creek Rose Apothecary Short Sleeve Graphic T-Shirt - Black Wash,$10.39
272,Plus Size Short Sleeve Relaxed Scoop Neck T-Shirt - Ava & Viv™,$8.00
273,Plus Size Short Sleeve V-Neck T-Shirt - Ava & Viv™,$8.00
274,8pk Liner Socks - Xhilaration™ 4-10,$9.00
275,Classic Full Coverage Hipster Bikini Bottom - Kona Sol™,$18.00
276,Ankle Socks - Xhilaration™ Black 4-10,$2.50
277,Short Sleeve Relaxed Fit T-Shirt - Wild Fable™,$9.60
278,Pig St. Patrick's Day Low Cut Socks - White/Green 4-10,$2.00
279,Basic Fishnet Tights - A New Day&#153,$10.00
280,Sanrio My Melody Graphic Sweatshirt - Black,$21.99
281,Cotton Knit Maternity Leggings - Isabel Maternity by Ingrid & Isabel™,$16.99
282,"Black History Month Women's Beautiful, Black, Proud Short Sleeve T-Shirt - Black",$12.75
283,Multipattern 6pk Low Cut Socks - A New Day™ Black 4-10,$9.00
284,Seamless Baby T-Shirt - JoyLab™,$20.00
285,Short Sleeve Dress - Universal Thread™,$25.00
286,6pk Low Cut Socks - A New Day™ 4-10,$9.00
287,Long Sleeve T-Shirt - A New Day™,$9.60
288,High-Waisted Classic Leggings - Wild Fable™,$12.00
289,Balloon Long Sleeve Off the Shoulder Corset Top - Wild Fable™,$22.00
290,High-Rise Ankle Jogger Pants - A New Day™,$27.99
291,Simply Cool Pajama Pants - Stars Above™,$19.99
292,Light Support Rib Racerback Longline Sports Bra - All in Motion™,$22.00
293,'Incorgnito' Dog Low Cut Socks - Xhilaration™ Blue 4-10,$1.50
294,ASSETS by SPANX Women's Perfect Pantyhose,$16.00
295,Striped 3pk Low Cut Socks - A New Day™ Ivory 4-10,$6.00
296,Lace Corset - Auden™,$18.00
297,High-Rise Dolphin Shorts - Wild Fable™,$9.60
298,Beautifully Soft Fleece Shorts - Stars Above™,$14.99
299,Hanes® Premium Women's Silky Sheer Control Top Pantyhose,$9.00
300,Fleece Hooded Sweatshirt - Universal Thread™,$20.00 - $25.00
301,"Mid-Rise Run Shorts 3"" - All in Motion™",$16.00
302,6pk Briefs - Auden™,$10.00
303,Floral Print Satin Pajama Shorts - Stars Above™ Black,$12.99
304,Sweater Tank Top - Universal Thread™,$20.00
305,Tummy Control High Waisted Bikini Bottom - Kona Sol™,$23.00
306,Animal Print Beautifully Soft Pajama Pants - Stars Above™ Brown,$17.99
307,Comfort Bralette - Auden™,$13.00
308,Hanes Women's Extended Size 10pk No Show Socks - 8-12,$10.99
309,X-Side Sport Swim Shorts - Kona Sol™,$23.00
310,Fashion Forms Women's Amazing Adhesive Strapless Backless Bra - Beige,$24.99
311,ASSETS by SPANX Women's High-Waist Perfect Pantyhose,$18.00
312,Cushioned Colorpop 6pk No Show Athletic Socks - All in Motion™ 4-10,$11.90
313,Nursing Bralette - Auden™,$10.00
314,Music City Short Sleeve Graphic T-Shirt - Beige,$10.39
315,Peds Women's Sport Marled 4pk Ultra Low Liner Casual Socks 5-10,$8.50
316,Ribbed Seamless Bike Shorts - Colsie™,$12.00
317,Farm Barn 3pk Liner Socks - Xhilaration™ Blue/Gray/Pink 4-10,$6.00
318,Hanes Women's Core Cotton Briefs Underwear 6pk,$10.49
319,Bonded Micro Bikini Underwear - Auden™ Black,$5.00
320,"Mid-Rise Knit Shorts 5"" - All in Motion™",$11.90 - $14.00
321,Fleece Sweatshirt - Universal Thread™,$21.25 - $25.00
322,Short Sleeve Seamed Baby T-Shirt - Wild Fable™,$9.60
323,Def Leppard Animal Print Logo Short Sleeve Graphic T-Shirt,$10.39
324,"Black History Month Women's Bold, Black, Bougie Pullover Sweatshirt - Bronze",$21.25
325,Short Sleeve Side Ruched T-Shirt Dress - Universal Thread™,$16.99 - $20.00
326,20D Sheer Control Top Tights - A New Day™ Black,$8.50
327,Mesh Bralette - Auden™,$12.75 - $15.00
328,Hanes Premium Women's 2pk Opaque Tights - Black,$16.00
329,Shamrock Dot St. Patricks' Day Crew Socks - White/Green 4-10,$4.00
330,Hanes Premium Women's Sheer High Waist Shaping Pantyhose,$9.00
331,Tupac Short Sleeve Graphic T-Shirt - Black,$10.39
332,High-Rise Linen Pull-On Shorts - A New Day™,$14.40
333,Tiered Cover Up Mini Dress - Wild Fable™,$18.00
334,Satin Short Robe - Stars Above™,$21.24
335,Peds All Day Active Women's 6pk Ultra Low Liner Athletic Socks - Black/White 5-10,$11.50
336,Super-High Rise Slim Fit Cropped Kick Flare Pull-On Pants - A New Day™,$29.00
337,Shamrock Sloth St. Patrick's Day Crew Socks - Black 4-10,$4.00
338,"Brushed Sculpt Bike Shorts 5"" - All in Motion™",$20.00
339,Science Hamster Ankle Socks - Xhilaration™ Periwinkle Blue 4-10,$2.50
340,Sushi Corgi 3pk Liner Socks - Xhilaration™ Blue/White/Gray 4-10,$6.00
341,Tiered Ruffle Tank Top - Wild Fable™,$18.00
342,Tie-Front Cropped Tank Top - Universal Thread™,$20.00
343,Critters and Umbrellas 6pk Low Cut Socks - Xhilaration™ Assorted Colors 4-10,$6.00
344,Lucky Hamster St. Patrick's Day Crew Socks - White/Green 4-10,$4.00
345,Minnie Short Sleeve Graphic T-Shirt - Black,$10.39
346,Long Sleeve Boxy T-Shirt - A New Day™ Striped,$12.00
347,Large Shamrocks St. Patrick's Day Knee High Socks - Black/Green 4-10,$5.00
348,Peds Women's Mesh Striped 6pk Sport Cut Liner Socks - 5-10,$11.50
349,Mesh Front One Piece Swimsuit - Shade & Shore™ Black,$40.00
350,Smocked High Slit Convertible Cover Up Dress - Wild Fable™,$23.00
351,Super Soft Leggings - Xhilaration™,$10.00
352,3pk Liner Socks - A New Day™ 4-10,$6.00
353,Cozy Rib Sweatshirt - All in Motion™,$28.00
354,Knit Maternity Jogger Pants - Isabel Maternity by Ingrid & Isabel™,$23.80 - $28.00
355,Seamless Ribbed Bike Shorts - Colsie™,$12.00
356,Spotted Print High Neck Ruched Full Coverage One Piece Swimsuit - Kona Sol™ Brown,$40.00 - $46.00
357,Fuzzy Cats and Yarn Low Cut Socks - Xhilaration™ Oatmeal 4-10,$1.50
358,Gummy Bears Knee High Socks - Xhilaration™ Light Heather Gray 4-10,$2.50
359,High Waist Swim Boyshorts - Kona Sol™ Black,$24.00
360,Floral Fall Berries 3pk Crew Socks - A New Day™ Navy 4-10,$6.00
361,Ribbed Shrunken Long Sleeve T-Shirt - Universal Thread™,$12.80
362,High-Rise Fleece Sweatpants - Wild Fable™,$22.00 - $25.00
363,High-Rise Straight Fit Fluid Pants - A New Day™,$32.00
364,Ribbed Scoop Front High Leg Cheeky Bikini Bottom - Wild Fable™,$15.00
365,Sublime Logo Short Sleeve Graphic T-Shirt - Black,$10.39
366,Scoop Front High Leg Cheeky Bikini Bottom - Wild Fable™ Black,$15.00
367,"Simplicity Mid-Rise Capri Leggings 20"" - All in Motion™",$20.00
368,Shrunken Rib Tank Top - Universal Thread™,$6.40
369,High Waisted Seamless Thong - Auden™,$6.00
370,Beautifully Soft Sleep T-Shirt - Stars Above™,$14.99
371,Seamless Racerback Tank Top - All in Motion™,$18.00
372,Ribbed Triangle String Bikini Top - Wild Fable™,$15.00
373,Beautifully Soft Robe - Stars Above™,$29.99
374,Elbow Sleeve Mock Turtleneck T-Shirt - A New Day™,$12.00 - $12.75
375,Mid-Rise Skinny Jeans - Universal Thread™,$19.99 - $24.00
376,Simply Cool Pajama Shorts -Stars Above™,$14.99
377,Satin Lace Trim Tank and Shorts Pajama Set - Colsie™,$20.00
378,Short Sleeve Ribbed T-Shirt - A New Day™,$6.40
379,Slub 3pk No Show Socks - Universal Thread™ 4-10,$5.95 - $7.00
380,90s Icons 3pk Liner Socks - Xhilaration™ White/Heather Gray/Black 4-10,$6.00
381,Coffee & Lattes 3pk Liner Socks - Xhilaration™ Black/Cream/Pink 4-10,$6.00
382,Short Sleeve V-Neck T-Shirt - Ava & Viv™,$8.00
383,High-Waisted Slim Fit Leggings - Ava & Viv™,$16.00
384,Fashion Forms Women's Adhesive Breast Petals,$9.99
385,Sleeveless Handkerchief Hem Fit & Flare Dress - Wild Fable™,$25.00
386,Cotton String Bikini Underwear - Auden™,$6.00
387,Floral Print Satin NightGown - Stars Above™ Black,$19.99
388,High Waist Supplex Swim Skirt - Kona Sol™,$26.00
389,6pk Harry Potter Low Cut Socks - Assorted Colors 4-10,$9.00
390,Fleece Lounge Jogger Pants - Colsie™,$20.00
391,Active Swim Shorts - Kona Sol™,$24.00
392,Frenchie Fry Ankle Socks - Xhilaration™ Heather Gray 4-10,$2.50
393,Scoop Front High Waist High Leg Cheeky Bikini Bottom - Wild Fable™,$12.00
394,High-Rise Ribbed Seamless 7/8 Leggings - JoyLab™,$28.90 - $34.00
395,Hanes Premium 6 Pack Women's Cushioned Ankle Socks - White 8-12,$11.99
396,Beautifully Soft Ribbed Legging Pajama Pants - Stars Above™,$17.99
397,High-Rise Polyester Bike Shorts - Wild Fable™,$11.20
398,Cat 10pk Low Cut Socks - Xhilaration™ Assorted Colors 4-10,$9.00
399,Triangle Bralette - Colsie™ Green,$7.00
400,Contour Curvy High-Rise Leggings with Power Waist - All in Motion™ Black,$25.00
401,Core Boxy Athletic T-Shirt - All in Motion™,$20.00
402,Cropped Shelf Tank Bra - All in Motion™,$20.00 - $22.00
403,Looney Tunes That's All Folks Graphic Sweatshirt - Blue,$13.00
404,Cozy Fleece Pull On Slipper Socks with Grippers,$9.00
405,Mesh Sarong Swimsuit Cover Up Skirt - Wild Fable™,$15.00
406,"Soft Stretch Shorts 3.5"" - All in Motion™",$16.00
407,Short Sleeve Back Cut Out Dress - Universal Thread™,$35.00
408,Cropped Active Tank Top - All in Motion™,$12.80 - $16.00
409,Cotton Ribbed Boyshort - Auden™,$5.00 - $6.00
410,Stripe Cushioned 4pk No Show Athletic Socks - All in Motion™ 4-10,$10.20 - $12.00
411,Star Wars: The Mandalorian The Child Pull-On Microsuede Slipper Socks - Green 7-9.5,$12.00
412,Cut Out Brami - Colsie™,$11.05 - $13.00
413,Gilmore Girls Luke's Short Sleeve Graphic T-Shirt - Green,$10.39
414,Simple Wishes Hands Free Pumping Bra Adjustable Fit Bra - Adjustable XS-L,$29.99
415,Outerspace 6pk Low Cut Socks - Xhilaration™ Gray 4-10,$6.00
416,"Risque Stickies Reusable Nipple Covers, 2Cover(s)",$14.95
417,Cats 3pk Liner Socks - Xhilaration™ Gray/White/Black,$6.00
418,Lace Removable Pad Bralette - Auden™,$12.75 - $15.00
419,Ribbed Tank Top - Wild Fable™,$6.40
420,Beautifully Soft Short Sleeve Notch Collar Top and Pants Pajama Set - Stars Above™,$27.99
421,Puff Elbow Sleeve Linen Shirt - A New Day™,$25.00
422,Puff Short Sleeve Dress - A New Day™,$30.00
423,Peds Women's 2pk Microfiber Liner Socks 5-10,$5.50
424,Short Sleeve Drapey Scoop Neck T-Shirt - Ava & Viv™,$8.00
425,Ribbed Seamless Bike Shorts - Colsie™,$10.00
426,Wyoming Short Sleeve Graphic T-Shirt - Charcoal Gray,$10.39
427,Hanes Performance Women's Cushioned 6pk Ankle Athletic Socks White 5-9,$13.99
428,Daisy 6pk Low Cut Socks - Xhilaration™ Black 4-10,$6.00
429,Cami - A New Day™,$18.00
430,Days of the Week Snacks 6pk Low Cut Socks - Xhilaration™ Assorted Colors 4-10,$6.00
431,Two-Tone Shamrocks St. Patrick's Day Crew Socks - Heather Gray 4-10,$4.00
432,Ribbed Plunge Front V-Wire One Piece Swimsuit - Shade & Shore™,$40.00
433,Fleece Pullover Sweatshirt - Universal Thread™,$19.32 - $25.00
434,Mid-Rise Skinny Jeans - Universal Thread™ Blue,$24.00
435,The Rolling Stones St Patrick's Day Short Sleeve Graphic T-Shirt Dress - Black,$19.99
436,Gudetama Short Sleeve Graphic T-Shirt - Yellow,$10.39
437,Nursing Seamless Cami - Auden™,$19.99
438,Coffee Socks - Xhilaration™ Oatmeal One Size,$1.50
439,Crew Neck Sweatshirt - Wild Fable™,$15.30
440,Peds Women's Extended Size Ultra Low 4pk Sport Liner Socks - Light Gray 8-12,$8.50
441,Breakfast 3pk Liner Socks - Xhilaration™ Cream/Gray/Olive 4-10,$6.00
442,Nursing Yoga Bra - Auden™,$18.99
443,10pk Low Cut Socks - Xhilaration™ 4-10,$9.00
444,"Black History Month Women's My Voice, My Power Pullover Sweatshirt",$21.25
445,2pk 50D Opaque Tights - A New Day™ Black,$15.00
446,3pc Satin Notch Collar and Shorts Pajama Set - Stars Above™,$25.00
447,Short Sleeve V-Neck Side Shirred Maternity T-Shirt - Isabel Maternity by Ingrid & Isabel™,$12.99
448,Slub 3pk Ankle Socks - Universal Thread™ 4-10,$7.00
449,Colorful Shamrock St. Patrick's Day Crew Socks - Navy/Pink 4-10,$4.00
450,Striped Shamrock St. Patrick's Day Knee High Socks - Black/White 4-10,$5.00
451,6pk Striped Low Cut Socks - A New Day™ Assorted Colors 4-10,$9.00
452,Sleeveless Ballet Dress - A New Day™,$28.00
453,Peds Women's 2pk Coolmax Liner Socks - 5-10,$5.50
454,6pk Hipster Underwear - Auden™ Colors May Vary,$10.00
455,Fashion Forms Women's Adhesive Strapless Backless Bra - Nude,$19.99
456,6pk Print Thong - Auden™ Colors May Vary,$10.00
457,Essential Racerback Tank Top - All in Motion™,$12.00
458,Brushed Sculpt High-Rise Leggings - All in Motion™,$23.80 - $28.00
459,High-Rise Wide Leg Pants - A New Day™,$32.00
460,Ruffle Short Sleeve Smocked Dress - Universal Thread™,$35.00
461,Linen Boxy V-Neck Short-Sleeve T-Shirt - Universal Thread™,$9.60
462,Lace Longline Bralette - Auden™,$18.00
463,Hanes Premium Women's 4pk Comfortsoft Waistband with Cotton Mid-Thigh Boxer Briefs - Colors May Vary,$18.99
464,Shark in Sunglasses Low Cut Socks - Xhilaration™ Blue 4-10,$1.50
465,50D Opaque High-Waisted Control Top Tights - A New Day™ Black,$8.50
466,Laser Cut Thong with Lace Back - Auden™,$4.25
467,Slim Fit Long Sleeve Ribbed T-Shirt - Knox Rose™,$16.00 - $17.00
468,Hedgehog 3pk Liner Socks - Xhilaration™ White/Pink/Heather Gray 4-10,$6.00
469,All Pro Women's 6pk Aqua FX Ankle Socks,$11.99
470,Lilo and Stitch 6pk Low Cut Socks - Blue 4-10,$9.00
471,Scoop Bralette Bikini Top - Wild Fable™ Orange Floral Print,$15.00
472,Slim Fit Bodysuit - A New Day™,$16.00
473,The Flintstones Graphic Sweatshirt - Burgundy,$16.00
474,Long Sleeve Oversized Button-Down Shirt - A New Day™,$25.00
475,Puff Elbow Sleeve Eyelet Shirt - A New Day™,$25.00
476,Sleeveless Rib Knit Side Ruched Dress - A New Day™,$22.00
477,Dino Drinking Coffee Socks - Xhilaration™ Heather Gray One Size,$1.50
478,Smocked Tank - Universal Thread™,$12.80
479,Flex Shirred Cropped Long Sleeve T-Shirt - All in Motion™,$24.00
480,Waist Detail Over the Shoulder One Piece Swimsuit - Aqua Green®,$45.00 - $50.00
481,6pk Bikini Underwear - Auden™,$10.00
482,Triangle Bikini Top - Wild Fable™ Orange Ombre Print,$15.00
483,Fruit of the Loom Women's Seamless Low-Rise Briefs 6pk - Colors May Vary,$16.89
484,Scoop Neck Bralette Bikini Top - Wild Fable™,$15.00
485,So Soft Unlined Racerback Bralette - Auden™,$12.74 - $14.99
486,Beautifully Soft Ribbed NightGown - Stars Above™,$19.99
487,20D Sheer High-Waisted Control Top Tights - A New Day™ Black,$8.50
488,Tassle Trim Crochet Cover Up Dress - Wild Fable™,$20.00
489,Guns n' Roses Short Sleeve Graphic T-Shirt - Black,$10.39
490,Active Accents Cushioned 4pk No Show Tab Athletic Socks - All in Motion™ 4-10,$12.00
491,Puff 3/4 Sleeve Eyelet Dress - Universal Thread™,$38.00
492,Short Sleeve V-Neck Knit Dress - Universal Thread™,$25.00
493,Peds Women's 2pk Laser Cut Liner Socks - Nude 5-10,$8.50
494,Satin Notch Collar NightGown - Stars Above™,$19.99
495,Drape Front Bodysuit - A New Day™,$16.00
496,Hanes Performance Women's Cushioned 6pk No Show Athletic Socks 5-9,$13.99
497,Leopard Sheer Tights - A New Day™ Black,$8.50
498,50D Opaque Control Top Tights - A New Day™ Black,$8.50
499,Smocked Ruffle Cover Up Skirt - Wild Fable™ White,$18.00
500,Flex Strappy Exercise Dress - All in Motion™,$30.00
501,Camaro Graphic Sweatshirt - Red,$16.00
502,100% Cotton Gauze Top - Stars Above™,$16.99
503,Dinosaur 3pk Liner Socks - Xhilaration™ Navy/White/Pink 4-10,$6.00
504,Sleeveless Dress - Universal Thread™,$35.00
505,High-Rise Relaxed Straight Fit Jeans - Wild Fable™ Medium Wash Floral,$28.00
506,Fishnet Thigh Highs - A New Day™ Black,$10.00
507,Dinosaurs and Stripes 10pk Low Cut Socks - Xhilaration™ Pink/Blue/Purple 4-10,$9.00
508,Long Sleeve Boxy Cropped T-Shirt - Wild Fable™,$11.70
509,Fruit of the Loom Women's Seamless Bikini 6pk - Colors May Vary,$16.89
510,High-Rise Woven Ankle Jogger Pants - A New Day™,$23.79 - $27.99
511,Hipster Bikini Bottom - Shade & Shore™ Black,$18.00
512,3pk Mary Jane Fold Over Cuff Socks - A New Day™ 4-10,$6.00
513,100% Cotton Gauze Robe - Stars Above™,$34.99
514,Ribbed Seamless Reversible Tank Top - Colsie™,$15.00
515,Satin NightGown - Stars Above™,$19.99
516,Hanes Premium Women's 6pk Cool Comfort Lightweight No Show Socks - 5-9,$11.99
517,Yosemite Short Sleeve Graphic T-Shirt - Green,$7.99
518,Light Support Brushed Sculpt High-Neck Sports Bra - All in Motion™,$20.00
519,Hanes Premium 6 Pack Women's Cushioned Low Cut Socks - Black 8-12,$11.99
520,Short Sleeve A-Line Dress - Knox Rose™,$35.00
521,Coffee Cat Low Cut Socks - Xhilaration™ Blue 4-10,$1.50
522,Over Belly Active Maternity Leggings - Isabel Maternity by Ingrid & Isabel™,$34.99
523,Peds Women's Mesh 4pk Ultra Low Liner Casual Socks 5-10,$8.50
524,Short Sleeve Button-Front Boilersuit - Universal Thread™,$40.00
525,Essential Crewneck Long Sleeve T-Shirt - All in Motion™,$14.00
526,Medium Support Seamless Racerback Midline Sports Bra - All in Motion™,$16.00
527,Satin Pajama Shorts - Stars Above™,$11.04 - $12.99
528,Side-Tie Adjustable Coverage High Leg Bikini Bottom - Wild Fable™,$15.00
529,Fleece Lounge Jogger Pants - Colsie™,$17.00
530,Peds Women's Sport Performance Hi-Cut Soft Nylon 4pk Liner Socks - 5-10,$8.50
531,Abstract Tropical Print Tie-Front Bikini Top - Kona Sol™ Blue,$23.00 - $28.00
532,Tropical Print Longline Bikini Top - Kona Sol™ Navy Blue,$23.00 - $26.00
533,Avocado Toast Low Cut Socks - Xhilaration™ Heather Gray 4-10,$1.50
534,Side-Tie Extra Cheeky Bikini Bottom - Wild Fable™ Orange Ombre,$15.00
535,Easter Bunny Ears White and Yellow - Spritz™,$3.00
536,Plisse Textured High Leg Cheeky Bikini Bottom - Wild Fable™,$18.00
537,Abstract Tropical Print High Waist High Coverage Bikini Bottom - Kona Sol™ Blue,$23.00 - $25.00
538,Ring Front Bralette Bikini Top - Wild Fable™,$15.00
539,One Shoulder Bow Cut Out One Piece Swimsuit - Shade & Shore™,$40.00
540,Beautifully Soft Ribbed Pajama Set - Stars Above™,$24.99
541,Ultra High-Rise Flare Leggings - All in Motion™,$34.00
542,Unlined Bodysuit - Auden™,$20.00
543,Light Support Corded Midline Racer Sports Bra - All in Motion™,$17.00
544,Button-Front Fine Gauge Ribbed Cardigan - A New Day™,$20.00 - $25.00
545,Cotton Gauze Shorts - Stars Above™,$14.99
546,Breakfast 10pk Low Cut Socks - Xhilaration™ Blue/Gray/Pink 4-10,$9.00
547,Pucker Textured Square Neck One Piece Swimsuit - Kona Sol™,$40.00 - $46.00
548,Tube Top - Wild Fable™,$4.00
549,Bliss Lightly Lined Wirefree Bra - Auden™,$14.99
550,6pk Crew Socks - A New Day™ 4-10,$9.00
551,True & Co. True Everybody Women's Adjustable Strap Triangle Bra,$6.89 - $22.99
552,High Waist Ponte Leggings - A New Day™ Black,$18.00
553,Black History Month Women's Hair Pic Short Sleeve T-Shirt - Purple,$12.75
554,2pk Star Wars The Mandalorian Cozy Ankle Socks - Gray/Pink 4-10,$9.00
555,Peds Women's Extended Size Mesh Striped 6pk Sport Cut Liner Socks - 8-12,$11.50
556,Cropped Sweatshirt - Wild Fable™,$18.00
557,Ribbed Side-Tie Scoop Front High Leg Cheeky Bikini Bottom - Wild Fable™,$15.00
558,Smocked Bralette Bikini Top - Wild Fable™,$18.00
559,Peds Women's Memory Cushion 2pk Liner Socks - White 5-10,$5.50
560,Underwire Bodysuit - Auden™,$25.00
561,Tropical 6pk Low Cut Socks - Xhilaration™ Blue/Pink/Gray 4-10,$6.00
562,Lace-Up Cheeky Bikini Bottom - Shade & Shore™,$18.00
563,High-Rise Skinny Jeans - Universal Thread™,$7.49 - $28.00
564,Hanes Women's Cotton Stretch 4pk briefs - Colors May Vary,$11.49
565,All Pro Women's 6pk Aqua FX No Show Socks,$11.99
566,Fruit of the Loom Women's 6pk Breathable Micro-Mesh Bikini Underwear - Colors May Vary,$13.99
567,Striped Beautifully Soft Pajama Shorts - Stars Above™ Navy,$12.99
568,Slim Fit Tank Top - A New Day™,$4.25
569,Farm Animal 10pk Low Cut Socks - Xhilaration™ Gray/Blue/Yellow 4-10,$9.00
570,The Rolling Stones Retro Short Sleeve Graphic T-Shirt - Charcoal Gray,$10.39
571,Airy Floral Tights - A New Day™ Black,$8.50
572,5pk Ankle Socks - Xhilaration™ 4-10,$6.00
573,Hanes Premium Women's Pindot Perfect Tights - Black,$11.00
574,Fruit of the Loom Women's Breathable Lightweight 6pk Ankle Athletic Socks 4-10,$10.99
575,Floral Print Satin Pajama Cami - Stars Above™ Black,$12.99
576,Peds Women's 2pk Extended Size Microfiber Liner Socks - 8-12,$5.50
577,French Terry Modal Cardigan - All in Motion™,$28.00
578,Short Sleeve V-Neck Maternity T-Shirt - Isabel Maternity by Ingrid & Isabel™,$12.99
579,Ribbed Bralette Bikini Top - Wild Fable™,$15.00
580,Swim Boyshorts - Kona Sol™,$23.00
581,Citrus Fruits 10pk Low Cut Socks - Xhilaration™ Assorted Colors 4-10,$9.00
582,High-Rise Boyfriend Jeans - Universal Thread™,$30.60 - $36.00
583,Hanes Premium Women's 4pk Boyfriend Cotton Stretch Boxer Briefs - Colors May Vary,$18.99
584,Short Sleeve Relaxed Fit V-Neck T-Shirt - Wild Fable™,$9.60
585,MTV Floral Print Logo Short Sleeve Graphic T-Shirt,$10.39 - $11.04
586,Peds Women's Grippers Tactel Nylon 2pk Liner Mule Socks - Nude One Size,$5.50
587,Fruit of the Loom Women's 6pk Cotton Classic Briefs - Colors May Vary,$9.79
588,Hanes Women's 6pk Cotton Ribbed Heather Briefs Assorted,$10.49
589,Floral 6pk Low Cut Socks - Xhilaration™ Gray/Pink/Blue 4-10,$6.00
590,Beautifully Soft Ribbed Cami - Stars Above™,$8.99
591,Cut Out One Piece Swimsuit - Wild Fable™,$32.00
592,Sloth 6pk Low Cut Socks - Xhilaration™ Assorted Colors 4-10,$6.00
593,Hanes Premium Women's Perfect Blackout Tights Black,$12.00
594,High-Waisted Liquid Leggings - Wild Fable™,$18.00
595,90s Icons 5pk Ribbed Ankle Socks - Xhilaration™ Black/White/Heather Gray 4-10,$6.00
596,Long Sleeve Lace-Up Cozy Knit Blouse - Wild Fable™,$14.40
597,High-Rise Skinny Jeans - Universal Thread™,$29.99 - $32.00
598,Mesh Cover Up High Waist Flare Pants - Wild Fable™,$23.00
599,Fruit of the Loom Women's Cushioned 6pk No Show Athletic Socks 4-10,$6.99
600,Farm Animal 6pk Low Cut Socks - Xhilaration™ Assorted Color 4-10,$6.00
601,Sailor Moon Zip-Up Graphic Hoodie - Pink,$24.99
602,Crochet Trim Triangle Bikini Top - Wild Fable™ Pink Floral Print,$20.00
603,Cotton Seamless Thong - Auden™,$5.10
604,Cushioned Active Striped 6pk No Show Tab Athletic Socks - All in Motion™ 4-10,$14.00
605,Rib-Knit Cotton Cheeky Underwear - Auden™,$5.10 - $6.00
606,6pk Winnie The Pooh Low Cut Socks - Assorted Colors 4-10,$9.00
607,Crochet Bralette Bikini Top - Wild Fable™,$24.00
608,Side-Tie Medium Coverage Bikini Bottom - Wild Fable™ Orange Floral Print,$15.00
609,Hanes Women's 10pk Cotton Classic Briefs - Colors May Vary,$16.99
610,Tropical Print Side-Tab Medium Coverage Hipster Bikini Bottom - Kona Sol™ Navy Blue,$20.00
611,Tie-Front Cover Up Short Sleeve Crop Top - Wild Fable™ White,$18.00
612,3pk Liner Socks - A New Day™ Cream 4-10,$6.00
613,Side-Slit Maxi Cover Up Dress - Kona Sol™,$28.00 - $30.00
614,Jockey Generation™ Women's Natural Beauty Bralette,$15.30 - $18.00
615,Fruit of the Loom Women's 6pk Cotton Hi-Cuts - Colors May Vary,$9.79
616,Seamless Tank Bodysuit - Wild Fable™,$12.80
617,Crossover High Leg Cheeky Mid-Rise Bikini Bottom - Wild Fable™,$18.00
618,Spotted Print Scoop Neck Tankini Top - Kona Sol™ Green,$24.00 - $30.00
619,Fruit of the Loom Women's 6pk Breathable Micro-Mesh Hi-Cut Underwear - Colors May Vary,$13.99
620,Signature Smooth Unlined Bralette - Auden™,$11.05 - $13.00
621,Scoop Front High Leg Cheeky Bikini Bottom - Wild Fable™,$15.00 - $19.99
622,Super Mario Short Sleeve Graphic T-Shirt - Blue,$10.39
623,Disney Pixar 6pk Low Cut Socks - Assorted Colors 4-10,$9.00
624,Hanes Premium Women's Perfect Opaque Tights Black,$11.00
625,Disney Tinkerbell Short Sleeve Graphic T-Shirt - Tan,$10.39
626,Forest Critters 10pk Low Cut Socks - Xhilaration™ Blue/Pink/Gray 4-10,$8.99
627,Fruit of the Loom Women's 6pk Breathable Micro-Mesh Low-Rise Briefs - Colors May Vary,$13.99
628,Sleeveless Eyelet Sun Dress - A New Day™,$23.99 - $35.00
629,French Terry Crewneck Sweatshirt - All in Motion™,$24.00
630,Peds Women's 2pk Extended Size Coolmax Liner Socks - 10-12,$5.50
631,Joe Cool Snoopy Graphic Sweatshirt - Green,$15.00
632,Super-High Rise Distressed Mom Taper Jeans - Wild Fable™,$25.00
633,Long Sleeve Side Ruched T-Shirt - A New Day™,$13.81 - $17.60
634,High-Rise Seamless Bike Shorts - Wild Fable™,$11.20
635,High-Rise Fleece Bermuda Shorts - Wild Fable™,$12.80
636,Contour Power Waist Mid-Rise Straight Leg Pants - All in Motion™,$28.00
637,Elastic Waist Swim Skirtini - Kona Sol™,$24.00
638,Cut Out Bodysuit - Colsie™,$15.30 - $18.00
639,Faux Wrap Halter Bikini Top - Kona Sol™,$20.00 - $23.00
640,3pk Textured Argyle Crew Socks - Universal Thread™ 4-10,$5.95 - $7.00
641,High Waist Cotton Blend Seamless Leggings - A New Day™,$18.00
642,High-Rise Linen Wide Leg Fluid Pants - A New Day™,$32.00
643,Peds Women's Merino Wool 2pk Sport No Show Socks - 5-10,$5.50
644,Ribbed Mid-Rise Hipster Bikini Bottom - Shade & Shore™,$20.00
645,High-Waisted Leggings - A New Day™ Black XL,$14.99
646,Butterfly Charm Plisse Textured Triangle Bikini Top - Wild Fable™,$18.00
647,Knot Side High Waist Bikini Bottom - Shade & Shore™ Black,$23.00
648,Puff Short Sleeve Dress - A New Day™,$30.00
649,Scoop Front Ultra High Leg Cheeky Bikini Bottom - Wild Fable™,$15.00
650,20D Sheer Tights - A New Day™ Black,$8.50
651,3pk Textured Crew Socks - Universal Thread™ 4-10,$7.00
652,Crewneck Boxy Pullover Sweater - Wild Fable™,$17.00
653,Sleeveless Dress - A New Day™,$38.00
654,Side Slit Tie Back Cover Up Tunic Dress - Kona Sol™,$25.00 - $28.00
655,Cropped Denim Trucker Jacket - Wild Fable™,$27.20 - $32.00
656,Side-Tab Medium Coverage Hipster Bikini Bottom - Kona Sol™,$18.00
657,"Risque No Show Disposable Nipple Covers, 40petals",$12.95
658,Super-High Rise Tapered Jeans - Wild Fable™,$25.00
659,Mickey & Minnie Mouse 6pk Low Cut Socks - White/Red/Blue 4-10,$9.00
660,Texas Graphic Sweatshirt - Heather Gray,$19.99
661,Star Wars: The Mandalorian 6pk Low Cut Socks - Assorted Colors 4-10,$9.00
662,Mesh Cover Up Short Sleeve Crop Top - Wild Fable™,$18.00
663,Cozy Robe + Socks - Colsie™,$29.75
664,Crewneck Destructed Sweater Tank Top - Wild Fable™,$20.00
665,Essential Crewneck Short Sleeve T-Shirt - All in Motion™,$12.00
666,Extra High Waisted Tummy Control Medium Coverage Bikini Bottom - Kona Sol™,$24.00
667,Unlined Balconette Bra - Auden™,$14.45 - $17.00
668,Long Sleeve Button-Down Shirt - Knox Rose™,$30.00
669,High-Rise Slim Straight Fit Ankle Pull-On Pants - A New Day™ Gray,$21.25 - $25.00
670,Ruffle Cheeky Bikini Bottom - Shade & Shore™,$18.00
671,Peds Women's Super Soft with Traction 2pk Liner Socks - Gray 5-10,$5.50
672,Long Sleeve Notch Neck Thermal Top - Knox Rose™,$17.50 - $21.25
673,Long Sleeve Fitted Sweetheart Neck T-Shirt - Wild Fable™,$12.75
674,2pk Corgi Cozy Low Cut Socks - Ivory 4-10,$7.00
675,Spacedye 6pk Low Cut Socks - Xhilaration™ 4-10,$6.00
676,Hanes Women's Cotton Stretch 4pk Bikini briefs - Colors May Vary,$11.49
677,Side-Tie Cheeky Bikini Bottom - Wild Fable™ Pink Floral Print,$15.00
678,High-Rise Slim Straight Fit Jeans - Universal Thread™,$28.00
679,High Neck Swim Romper with Pockets One Piece Swimsuit - Aqua Green®,$45.00 - $50.00
680,Mid-Rise Jogger Pants - Knox Rose™,$19.49 - $29.99
681,Peds Women's 2pk Cushioned Liner - Nude 5-10,$5.50
682,Viney Floral Tights - A New Day™,$10.00
683,All Pro Women's Extended Size Aqua FX Heel Toe Cushion 6pk No Show Athletic Socks - 8-12,$11.99
684,Taco 3pk Liner Socks - Xhilaration™ Mint/Blue/White 4-10,$6.00
685,Pink Floyd Short Sleeve Graphic T-Shirt - Purple,$10.39
686,Racerback One Piece Swimsuit - Wild Fable™,$32.00
687,Flex Pleated Skorts - All in Motion™,$23.80 - $28.00
688,Fruit of the Loom® Women's 6pk Cotton Heather Bikini - Colors May Vary,$9.79
689,Waffle Knit Lounge Pants - Stars Above™,$29.99
690,Fleece Lounge Sweatshirt - Colsie™,$17.00
691,All Pro Women's 6 Pack Aqua Fx Low Cut Athletic Socks - White/Purple 4-10,$11.99
692,Denim Jacket - Universal Thread™,$36.00
693,V-Neck Pullover Sweater - A New Day™ Pink,$22.00
694,"Contour Power Waist Mid-Rise Shorts 4"" - All in Motion™",$16.00
695,"Contour Curvy High-Rise Shorts 7"" - All in Motion™ Black",$16.00
696,Playful Cats 6pk Low Cut Socks - Xhilaration™ Gray/White 4-10,$6.00
697,Keyhole Medium Coverage Hipster Bikini Bottom - Kona Sol™,$15.30 - $18.00
698,Nightmare Before Christmas Knit Pull-On Microsuede Slipper Socks with Grippers - Black 4-10,$12.00
699,Hanes Women's Cotton Stretch 4pk Hipster briefs - Colors May Vary,$11.49
700,Care Bears 6pk Low Cut Socks - Assorted Colors 4-10,$9.00
701,Jockey Generation™ Women's Seamfree Cami Strap Bralette,$16.00
702,Light Support Simplicity Striped Sports Bra - All in Motion™,$13.60 - $16.00
703,V-Neck Angled Tiered Tankini Top - Aqua Green®,$32.00 - $35.00
704,20D Sheer High Waist Control Top Tights - A New Day™ Honey Beige,$8.50
705,Short Sleeve Pullover Blouse - Universal Thread™,$20.00
706,20D Sheer Control Top Tights - A New Day™,$8.50
707,Hanes Women's 10pk Cotton Hi-Cut Briefs - Colors and Patterns May Vary,$15.99
708,Quarter Zip Sweatshirt - A New Day™,$20.00
709,Ribbed Plunge Twist-Front One Piece Swimsuit - Shade & Shore™,$40.00
710,Shirred Underwire Bikini Top - Wild Fable™,$22.00
711,Watermelon Puppy 3pk Liner Socks - Xhilaration™ Denim Heather/Heather Gray/Pink 4-10,$6.00
712,Rosie the Llama Low Cut Socks - Xhilaration™ Charcoal Heather 4-10,$1.50
713,Fruit of the Loom Women's Extended Size Cushioned 6pk No Show Athletic Socks 8-12,$6.99
714,Shirred Underwire Bikini Top - Wild Fable™ Light Green,$22.00
715,6pk Harry Potter Houses Low Cut Socks - Assorted Colors 4-10,$9.00
716,Fruit of the Loom Women's Cushioned 6pk Ankle Athletic Socks 4-10,$6.99
717,Twist-Front Tank Bodysuit - Wild Fable™,$12.80
718,Slim Fit Cropped Tiny Tank Top - Wild Fable™,$6.80
719,Hanes Women's Core Cotton Bikini Panties 6pk - Colors and Patterns May Vary,$10.49
720,Super-High Rise Distressed Baggy Jeans - Wild Fable™ Medium Blue,$25.00
721,Short Sleeve Essential Henley Tunic T-Shirt - Knox Rose™,$14.40
722,Short Sleeve Top - Knox Rose™,$28.00
723,Flutter Short Sleeve Embroidered Kaftan A-Line Dress - Knox Rose™,$40.00
724,Fruit of the Loom Women's Breathable Mesh Lightweight 6pk Liner Athletic Socks - 4-10,$10.99
725,All Pro Women's 6pk Ultra Soft No Show Socks 4-10,$11.99
726,Side-Tie Medium Coverage Bikini Bottom - Wild Fable™ Peach,$15.00
727,Hanes Premium Women's 6pk Heel Toe Cushion with Arch Support No Show Socks - 5-9,$11.99
728,Peds All Day Active Women's 6pk Ultra Low No Show Athletic Socks - Assorted Colors 5-10,$11.50
729,Peds All Day Active Women's Extended Size 6pk Ultra Low No Show Tab Liner Athletic Socks - White/Black 8-12,$11.50
730,6pk Cushioned Performance Striped No Show Athletic Socks - All in Motion™,$14.00
731,Simplicity Mid-Rise Leggings - All in Motion™,$20.00
732,Cozy Rib Straight Pants - All in Motion™,$28.99 - $30.49
733,Frida Short Sleeve Graphic T-Shirt - White,$10.39
734,Hanes Women's 6pk Cotton Ribbed Heather Hipster - Assorted,$10.49
735,Frida Mom Postpartum Abdominal Support Binder,$34.99
736,Cactus Short Sleeve Graphic T-Shirt - Dark Mustard Yellow,$7.99 - $9.99
737,Hanes Women's 6pk Comfort Flex Fit Seamless Boy Shorts - Colors May Vary,$16.99
738,Lace-Up High Waist High Leg Extra Cheeky Bikini Bottom - Shade & Shore™,$23.00
739,Yellowstone Short Sleeve Graphic T-Shirt - Blue,$10.39
740,Avocado & Chili 3pk Liner Socks - Xhilaration™ White/Black/Heather Gray 4-10,$6.00
741,Ruffle Shoulder Ruched Full Coverage One Piece Swimsuit - Kona Sol™,$36.00 - $46.00
742,Smocked Waist Double Slit Maxi Skirt Cover Up Dress - Kona Sol™,$25.00 - $28.00
743,Plus Size Short Sleeve V-Neck T-Shirt - Ava & Viv™ Red,$8.50
744,Light Support Strappy Longline Sports Bra - All in Motion™,$20.00
745,Marled 3pk Ankle Socks - Universal Thread™ Black/Navy/Gray 4-10,$7.00
746,Tummy Control One Shoulder Ruched Full Coverage One Piece Swimsuit - Kona Sol™,$40.00 - $46.00
747,Ribbed Longline Bralette Bikini Top - Wild Fable™,$15.00
748,Scoop Bralette Bikini Top - Wild Fable™ Tropical Print,$15.00
749,Longline Twist Bikini Top - Kona Sol™,$23.00 - $26.00
750,Long Sleeve U-Neck Tunic Top - Knox Rose™,$22.40
751,Long Sleeve Button-Down Shirt - Knox Rose™,$19.60 - $28.00
752,Tie-Front Ruched Full Coverage One Piece Swimsuit - Kona Sol™,$40.00
753,Cross Front Pucker Textured Halter Bikini Top - Wild Fable™,$18.00
754,Mixed Fruit 6pk Low Cut Socks - Xhilaration™ Assorted Colors 4-10,$6.00
755,Eyelet Tank Top - Universal Thread™ White,$28.00
756,Finish Line Striped Cushioned 6pk No Show Athletic Socks - All in Motion™ 4-10,$14.00
757,Miller Lite Oversized Short Sleeve Graphic T-Shirt - Ivory,$13.59
758,Hanes Premium Women's 4pk Cool Comfort Lightweight Liner Socks - 5-9,$11.99
759,Lace Brami - Auden™,$15.30
760,Puff Long Sleeve V-Neck Twist Front Top - A New Day™,$28.00
761,Cozy Tank and Shorts Pajama Set - Colsie™,$15.00
762,Geo Square Sheer Tights - A New Day™ Black,$8.50
763,All Pro Women's 3pk Ultralight Low Liner Athletic Socks - 4-10,$7.99
764,Hanes Women's 6pk Comfort Flex Fit Seamless Bikini Underwear - Colors May Vary,$16.99
765,Peds Women's High-Cut Full Cushion 4pk Sport No Show Socks - 5-10,$8.50
766,High-Rise Slim Straight Jeans - Universal Thread™ Black,$28.00
767,Lucky Rainbow Graphic Sweatshirt - White,$19.99
768,So Soft Triangle Bralette - Auden™,$15.00
769,Sleeveless A-Line Dress - Knox Rose™,$35.00
770,Light Support Brushed Sculpt Bold Stitch Sports Bra - All in Motion™,$24.00
771,Light Support Brushed Sculpt Asymmetrical Sports Bra - All in Motion™,$20.00
772,Satin Sleep Camisole - Stars Above™,$12.99
773,Triangle Wrap Bikini Top - Wild Fable™ Multi Floral Print,$20.00
774,French Terry Wide Leg Lounge Pants - Colsie™,$25.00
775,Flex Shirred Cropped Tank Top - All in Motion™,$15.99 - $20.00
776,Bellaband Maternity Support Belt - Isabel Maternity by Ingrid & Isabel™,$12.99
777,Pucker Textured High Leg Cheeky Bikini Bottom - Wild Fable™,$18.00
778,50D Opaque Tights - A New Day™,$8.50
779,Super-High Rise Distressed Straight Jeans - Wild Fable™ Light Wash,$25.00
780,Cat 3pk Crew Socks - A New Day™ Black 4-10,$6.00
781,Peds All Day Active Women's 6pk Ultra Low No Show Tab Liner Athletic Socks,$11.50
782,High-Rise Anywhere Flare Jeans - Knox Rose™,$29.75 - $35.00
783,Fine Gauge Sweater Tank - A New Day™,$15.30 - $18.00
784,Nursing Cami - Auden™,$17.00
785,Grommet Scallop One Piece Swimsuit - Kona Sol™,$40.00 - $46.00
786,Fleece Lounge Sweatshirt - Colsie™,$20.00
787,Fashion Forms Women's Water Wear Push-Up Pads,$8.99
788,Triangle Bikini Top - Wild Fable™,$12.00
789,Hanes Performance Women's Cushioned 6pk No Show Tab Athletic Socks 5-9,$13.99
790,"Black History Month Women's High-Rise 'Bold, Black, Bougie' Athletic Jogger Pants - Beige",$21.25
791,Short Sleeve Wrap Dress - Knox Rose™,$40.00
792,Tiered Tankini Top - Aqua Green®,$32.00 - $35.00
793,Sublime Oversized Dalmation Graphic Sweatshirt - White,$15.21 - $21.99
794,All Pro by Gold Toe Women's Ultra Invisible 10pk No Show Socks - Black/White/Gray 4-10,$12.99
795,Bandeau Bikini Top - Wild Fable™,$15.00
796,Lightweight Active Mesh 6pk No Show Athletic Socks - All in Motion™ 4-10,$14.00
797,Bishop 3/4 Sleeve Eyelet A-Line Dress - Knox Rose™,$38.00
798,Sleeveless Babydoll Woven Dress - Wild Fable™,$16.00
799,Panda 10pk Low Cut Socks - Xhilaration™ Black/White/Gray 4-10,$9.00
800,Lightweight 10pk No Show Athletic Socks - All in Motion™ 4-10,$16.00
801,Opaque Gold Stud Backseam Thigh Highs - A New Day™ Black,$8.50
802,Hanes Performance Women's Lightweight 6pk Liner Athletic Socks 5-9,$13.99
803,Cute Pups 6pk Low Cut Socks - Xhilaration™ Assorted Colors 4-10,$6.00
804,Crochet Cover Up Skirt - Wild Fable™ Black,$18.00
805,High-Rise Vintage Midi Jean Shorts - Universal Thread™,$15.97 - $17.99
806,Tie Detail Underwire Bikini Top - Wild Fable™,$19.99 - $22.00
807,Flex Ribbed High-Rise 7/8 Leggings - All in Motion™,$26.25 - $28.00
808,Empowered Women Empower Women Short Sleeve Graphic T-Shirt - Heather Gray,$10.39
809,Fleece Pullover Sweatshirt - Universal Thread™,$25.00
810,Tie-Front Pointelle Cardigan - Wild Fable™,$18.70
811,Hanes Women's 6pk Pure Comfort Organic Cotton Briefs - Assorted,$17.49
812,High-Rise Skinny Jeans - Universal Thread™,$24.00
813,Hanes Women's 6pk Hi-Cut Panties PP43WB - Colors May Vary,$10.49
814,6pk Stranger Things Low Cut Socks - Assorted Colors 4-10,$9.00
815,120D Blackout Tights - A New Day™ Black,$8.50
816,3pk Geo Floral Pattern Crew Socks - A New Day™ Ivory/Black 4-10,$6.00
817,Mixed Net Floral Tights - A New Day Black,$10.00
818,Medium Support Square Neck Crossback Sports Bra - All in Motion™,$17.00 - $20.00
819,Fruit of the Loom Women's 10pk Beyondsoft Bikini Underwear - Colors May Vary,$18.99
820,High-Waisted Leggings - A New Day™ Black L,$14.99
821,Hanes Women's Cotton 6pk PP41AS Hipster briefs - Colors May Vary,$10.49
822,French Terry Polo Sweatshirt - All in Motion™,$24.00
823,So Soft Bralette - Auden™,$12.75
824,Heart Detail Bralette Bikini Top - Wild Fable™ Purple,$18.00
825,Jockey Generation™ Women's Recycled Seamfree Ribbed Plunge Bralette,$15.30 - $18.00
826,High-Waisted Leggings - A New Day™ Black XXL,$14.99
827,'Be Bright' Stars 3pk Liner Socks - Xhilaration™ Black/White 4-10,$6.00
828,Happy Mind Short Sleeve Graphic T-Shirt - Charcoal Gray,$7.99
829,Long Sleeve Embroidered Blouse - Knox Rose™,$22.50 - $24.00
830,Short Sleeve V-Neck Linen T-Shirt - A New Day™,$12.00
831,Hanes Women's Extended Size 10pk Low Cut Socks - 8-12,$10.99
832,Hanes Premium Women's 4pk Tummy Control Briefs Underwear - Colors May Vary,$18.99
833,Side-Tie Cover Up Sarong Skirt - Kona Sol™,$20.00
834,All Pro Women's 6pk Ultra Soft Low Cut Socks - White 4-10,$11.99
835,French Terry Lounge Hooded Sweatshirt - Colsie™,$17.60 - $18.70
836,Hanes Performance Women's Extended Size Cushioned 6pk Ankle Athletic Socks - White 8-12,$13.99
837,Faux Leather Relaxed Fit Blazer - A New Day™ Brown,$40.00
838,2pk Minnie Mouse Cozy Ankle Socks - Red/White 4-10,$9.00
839,High Waisted Jeggings - A New Day™,$20.00
840,Striped Herringbone Thigh Highs - A New Day™ Black,$8.50
841,Beautifully Soft Leggings - Stars Above™,$16.99
842,Racerback Tankini Top - Aqua Green®,$32.00
843,Crochet Cover Up Skirt - Wild Fable™ Orange,$20.00
844,Guns N' Roses So Fine Short Sleeve Graphic T-Shirt - Gray,$11.99
845,Hanes Premium 6 Pack Women's Cushioned No Show Socks - White 8-12,$11.99
846,Cotton Seamless Bralette - Auden™,$12.75
847,Slim Fit Tank Top - A New Day™,$22.00
848,Keep It Kind Graphic Sweatshirt - Blue,$19.99
849,Everyday Lightly Lined Demi T-Shirt Bra - Auden™,$8.49 - $9.99
850,Bishop 3/4 Sleeve Embroidered Blouse - Knox Rose™,$28.00 - $35.00
851,Jewel Fishnet Tights - A New Day™ Black,$10.20
852,Hanes Premium Women's Cushioned 6pk No Show Socks - Black 5-9,$11.99
853,Short Sleeve Oversized Graphic T-Shirt - Wild Fable™,$12.80
854,High-Waist Seamless French Terry Leggings - A New Day™,$18.00
855,High-Rise Utility Ankle Pants - A New Day™,$27.99
856,Multipattern 6pk Crew Socks - A New Day™ White 4-10,$9.00
857,All Pro Women's 6pk Pack Aqua No Show Cush & Tab Athletic Socks - White 4-10,$11.99
858,Short Sleeve Relaxed Fit V-Neck Cropped T-Shirt - Wild Fable™,$8.00 - $8.50
859,Nickelodeon Rugrats 6pk Low Cut Socks - Assorted Colors 4-10,$9.00
860,Perfectly Cozy Long Sleeve Notch Collar Gown - Stars Above™ Gray,$16.99
861,3pk Pointelle Stitch Ankle Socks - Universal Thread™ 4-10,$7.00
862,Fleece Lounge Shorts - Colsie™,$15.00
863,High-Rise Skinny Jeans - Universal Thread™ Black,$28.00
864,One Shoulder Plunge Cut Out One Piece Swimsuit - Shade & Shore™,$40.00
865,Cozy Ribbed Crossover Waistband Flared Legging Pajama Pants - Colsie™,$20.00
866,Fruit of the Loom Women's Seamless Hipster 6pk -Colors May Vary,$16.89
867,Puff 3/4 Sleeve Dress - A New Day™,$32.00 - $35.00
868,Seamless Cable Knit Bra - JoyLab™,$17.00
869,Jockey Generation™ Women's Seamfree® Tank Strap Bralette,$16.00
870,Tie-Front Pique Textured Bralette Bikini Top - Wild Fable™,$18.00
871,6pk Lightweight Varsity Striped Liner Athletic Socks - All in Motion™ Assorted Colors 4-10,$14.00
872,Plus Size Lace Briefs - Auden™,$5.94 - $5.95
873,Extended Size Cushioned Active Accents 4pk No Show Tab Athletic Socks - All in Motion™ Gray/White 8-12,$12.00
874,2pk Lilo & Stitch Cozy Ankle Socks - Blue/Pink 4-10,$9.00
875,Tiered Maxi Cover Up Dress - Kona Sol™,$28.00
876,Crochet Necklace Plunge One Piece Swimsuit - Shade & Shore™ Black,$40.00
877,Spacedye Lightweight 4pk Liner Athletic Socks - All in Motion™ 4-10,$12.00
878,Rainy Barnyard Animals 3pk Liner Socks - Xhilaration™ Heather Gray/Black/White 4-10,$6.00
879,Triangle Bikini Top - Shade & Shore™ Floral Print,$23.00
880,Hanes Premium Women's 4pk Boyfriend Cotton Stretch Boxer Briefs -Colors May Vary,$18.99
881,2pk Colorblock Ribbed Super Soft Crew Socks - Universal Thread™ 4-10,$7.00
882,Pullover Maternity Sweatshirt - Isabel Maternity by Ingrid & Isabel™,$26.00
883,Striped Accents Cushioned 3pk No Show Double Tab Athletic Socks - All in Motion™ 4-10,$10.00
884,6pk Cushioned Mesh Finish Line No Show Athletic Socks - All in Motion™ 4-10,$14.00
885,4pk Cushioned Diamond Accents No Show Athletic Socks - All in Motion™,$12.00
886,Open Fishnet Tights - A New Day™,$10.00
887,All Pro Women's 6pk Sport Liner Athletic Socks - White/Black/Gray 4-10,$11.99
888,Outline Rose Sheer Anklet Socks - A New Day™ Black 4-10,$4.00
889,Camping Critters 6pk Low Cut Socks - Xhilaration™ Blue/Purple/Gray 4-10,$6.00
890,Long Sleeve Embroidered Top - Knox Rose™,$21.00 - $22.50
891,Plus Size High-Rise Ankle Skinny Jeans - Ava & Viv™,$25.50
892,Cropped Hoodie - Wild Fable™,$15.30
893,Baby Tank Top - Future Collective™ with Gabriella Karefa-Johnson,$8.00
894,Chevron Cushioned 4pk No Show Athletic Socks - All in Motion™ 4-10,$10.20
895,Spaghetti Strap Bodysuit - Wild Fable™,$10.20 - $11.95
896,NBA Warriors Oversized Graphic Hoodie - Blue,$23.99
897,3/4 Sleeve A-Line Dress - Knox Rose™,$38.00
898,Lace-Up Longline Bikini Top - Wild Fable™,$22.00
899,Hanes Premium Women's Extended Size Cool Comfort Lightweight 6pk No Show Socks,$11.99
900,Whitney Houston Short Sleeve Graphic T-Shirt - Ivory,$10.39
901,Spring Open Layering Duster Sweater - Ava & Viv™,$32.00
902,Cushioned 6pk Liner Athletic Socks - All in Motion™ 4-10,$14.00
903,Hope & Henry Womens' Short Sleeve A-Line Dress,$49.95
904,High Support Embossed Racerback Run Sports Bra - All in Motion™,$25.50 - $30.00
905,Protect Your Peace Graphic Sweatshirt - Cream,$19.99
906,Seamless Briefs 6pk - Auden™ Assorted,$10.00
907,Lightweight 4pk Liner Athletic Socks - All in Motion™ 4-10,$12.00
908,Mid-Rise Swim Bikini Briefs - Aqua Green®,$23.00
909,Shirred Side Hipster Bikini Bottom - Shade & Shore™ Multi Floral Print,$20.00
910,Brushed Sculpt Corded High-Rise Leggings - All in Motion™,$27.20
911,Women’s High Support Sculpt Zip Front Bra - All in Motion™,$24.00
912,Cushioned 4pk No Show Athletic Socks - All in Motion™ 4-10,$12.00
913,High Neck Tankini Top - Kona Sol™,$27.00 - $30.00
914,Elbow Sleeve Smocked Maternity Top - Isabel Maternity by Ingrid & Isabel™,$24.00
915,Valentine's Day Pajama Set,$21.25
916,Disney 100 Mickey Mouse Clubhouse 6pk Low Cut Socks - Assorted Colors 4-10,$9.00
917,Hanes® Premium Women's Smoothing Seamless 3pk Basic High Cut Briefs - Colors May Vary,$18.99
918,Short Sleeve V-Neck Maternity T-Shirt - Isabel Maternity by Ingrid & Isabel™,$12.99
919,High-Rise Slim Straight Jeans - Universal Thread™ Medium Wash,$24.00
920,Plus Size Satin Tank Top - Ava & Viv™,$22.00
921,Hanes Performance Women's Extended Size Cushioned 6pk No Show Athletic Socks 8-12,$13.99
922,Bishop Long Sleeve Blouse - Knox Rose™,$25.50 - $30.00
923,Mid-Rise Straight Leg Ankle Utility Pants - Knox Rose™ Brown,$25.49
924,Ruffle High Leg Extra Cheeky Bikini Bottom - Shade & Shore™,$18.00
925,Boyz N The Hood Short Sleeve Graphic T-Shirt - Charcoal Gray,$10.39
926,Leopard Print Twist-Front Bikini Top - Kona Sol™ Cream,$23.00 - $28.00
927,"Contour Power Waist High-Rise Shorts 11"" - All in Motion™ Black",$18.00
928,Drawstring High-Waist Lounge Leggings - A New Day™,$20.00
929,Fruit of the Loom Women's Seamless Hi-Cut 6pk Underwear - Colors May Vary,$16.99
930,Jockey Generation™ Women's Retro Vibes Ribbed Jogger Pajama Pants,$18.70 - $22.00
931,Sailor Moon Cropped Short Sleeve Graphic T-Shirt - Blue,$11.99
932,Flutter Sleeve Eyelet Embroidered Top - Knox Rose™,$30.00
933,Shimmer Bralette - Colsie™,$11.05
934,Henley Neck Sweater - A New Day™,$28.00
935,3pk Garter Stitch Ankle Socks - Universal Thread™ 4-10,$7.00
936,Drawstring High Waisted Lounge Leggings with Pockets - A New Day™ Black,$20.00
937,U-Neck Slim Fit Tank Top - A New Day™,$6.40
938,Hanes Premium Performance Women's Lightweight Textured Arch 6pk No Show Athletic Socks 5-9,$13.99
939,Lightweight Mesh Striped L-Band 6pk No Show Athletic Socks - All in Motion™ 4-10,$14.00
940,French Terry Crewneck Sweatshirt - All in Motion™,$20.40 - $24.00
941,High-Rise Slim Fit Ankle Pants - A New Day™,$29.00
942,Active Sole Cushioned 4pk No Show with Heel Tab Athletic Socks - All in Motion™ 4-10,$12.00
943,Peds Women's Tie-Dye Mesh 4pk Ultra Low Liner Casual Socks 5-10,$8.50
944,Over Belly Skinny Maternity Jeans - Isabel Maternity by Ingrid & Isabel™ Dark Wash,$29.99
945,Heart Detail Ultra High Leg Cheeky Bikini Bottom - Wild Fable™ Purple,$18.00
946,Demi Daydream Push-Up Bra - Auden™,$12.75 - $15.00
947,All Pro by Gold Toe Women's Lightweight 10pk No Show Athletic Socks - 4-10,$12.99
948,Powersox Women's Cushioned 6pk No Show Tab Athletic Socks,$13.99
949,Pique Textured High Leg Cheeky High Waist Bikini Bottom - Wild Fable™,$20.00
950,Fleece Shawl Collar Jacket - Knox Rose™,$38.00
951,Shirred V-Neck One Piece Swimsuit - Aqua Green®,$45.00
952,Ribbed Cheeky Bikini Bottom - Shade & Shore™ Lavender,$20.00
953,Minnie Mouse Polka Dot Slipper Socks with Pom Poms and Grippers - Red 4-10,$12.00
954,Colorful Print Checkered Wide Leg Graphic Pants,$19.99
955,Shirred Underwire Bikini Top - Wild Fable™ Cherry Print,$22.00
956,Ultra Cheeky Bikini Bottom - Wild Fable™,$15.00
957,Cinch-Front One Piece Swimsuit - Aqua Green®,$45.00
958,Zion Graphic Sweatshirt - Orange Tie-Dye,$19.99
959,Disney Grogu Stronger Than You Think Graphic Sweatshirt - Blue,$18.69
960,Hanes Women's 10pk Cotton Bikini Underwear - Colors May Vary,$15.99
961,Shoulder Tie Bralette Bikini Top - Wild Fable™ Peach Paisley Print,$15.00
962,Fruit of the Loom Women's Breathable Lightweight 6pk Liner Athletic Socks 4-10,$10.99
963,Short Sleeve Essential T-Shirt Maternity Dress - Isabel Maternity by Ingrid & Isabel™,$24.00
964,Fruit of the Loom Women's 10pk Beyondsoft Hipster Underwear - Colors May Vary,$18.99
965,Cut Out Cross Front Bralette Bikini Top - Wild Fable™ Orange,$18.00
966,Plunge Flounce Neckline One Piece Swimsuit - Shade & Shore™,$40.00
967,Bell Long Sleeve Blouse - Wild Fable™,$22.00
968,Yellowstone Dutton Ranch Graphic Sweatshirt - Black,$16.00
969,All Pro Women's Perfect Heel Forming Fit 6pk Liner Athletic Socks - White/Gray/Black 4-10,$11.99
970,French Terry Scoop Sweatshirt - Universal Thread™,$28.00
971,Hanes Premium 6pk Women's Comfort Soft Lightweight Crew Socks - Black,$8.49 - $9.99
972,Ruffled V-Neck Longline Triangle Bikini Top - Shade & Shore™,$23.00
973,Hipster Bikini Bottom - Shade & Shore™ Multi Floral Print,$20.00
974,Contour Curvy High-Rise Straight Leg Pants with Power Waist - All in Motion™,$28.00
975,Waffle Knit Lounge Sweatshirt - Stars Above™,$29.99
976,Fashion Forms® Women's Lift It Up Plunge Backless/Strapless Adhesive Bra - Beige,$21.99
977,TLC Short Sleeve Graphic T-Shirt - Light Blue,$11.99
978,Puff 3/4 Sleeve Jumpsuit - Knox Rose™,$40.00
979,Flutter Short Sleeve Top - Knox Rose™,$30.00
980,All Pro Women's Lightweight 10pk No Show Tab Socks - White/Gray/Black 5-10,$12.99
981,Super-High Rise Straight Jeans - Wild Fable™ Black Wash,$25.00
982,3pk Serene Floral Crew Socks - A New Day™ Ivory/Heather Gray/Blue 4-10,$6.00
983,Hanes Women's 6pk Pure Comfort Organic Cotton Hipster Underwear - Assorted,$17.49
984,'Hoppy St. Paddy's Day' St. Patrick's Day Knee High Socks - Navy/Green 4-10,$5.00
985,Tab Side Cheeky Bikini Bottom - Wild Fable™,$15.00
986,Fruit of the Loom Women's 6pk Cotton Heather Low-Rise Briefs - Colors May Vary,$9.79
987,Diamond Openwork Tights - A New Day™ Black,$8.50
988,20D Light Sheer Sparkle Control Top Tights - A New Day™ Sand,$8.50
989,Lightweight 6pk Liner Athletic Socks - All in Motion™ 4-10,$14.00
990,Side-Tie Adjustable Coverage Bikini Bottom - Wild Fable™,$15.00
991,Sleeveless Corset Satin Bodycon Dress - Wild Fable™,$35.00
992,Warm Essentials by Cuddl Duds Women's Active Thermal Crewneck Top,$19.99
993,DENIZEN® from Levi's® Women's High-Rise Skinny Jeans,$16.99 - $29.99
994,Enough Plants Short Sleeve Graphic T-Shirt - Blue,$7.99
995,DENIZEN® from Levi's® Women's Mid-Rise Bootcut Jeans,$29.99
996,Padded Seamless Bandeau - Auden™,$12.99
997,3pk Floral Liner Socks - A New Day™ Cream/Gray 4-10,$6.00
998,3pk Contemporary Floral Crew Socks - A New Day™ Brown Heather/Ivory 4-10,$6.00
999,Bandeau Flounce Front Ruched Full Coverage One Piece Swimsuit - Kona Sol™ Cream,$40.00 - $46.00
1000,Velour Sweatshirt - JoyLab™,$23.80
1001,High-Rise Slim Straight Jeans - Universal Thread™ Dark Wash,$24.00
1002,3pk Mesh Stripe No Show Tab Athletic Socks - All in Motion™ White/Light Gray/Dark Gray 4-10,$10.00
1003,Jockey Generation™ Women's Modal Tank,$12.00
1004,Cushioned Cheetah Mesh Pattern 4pk No Show Double Tab Athletic Socks - All in Motion™ White 4-10,$12.00
1005,High-Rise Cutoff Jean Shorts - Wild Fable™,$14.40
1006,Side Tab High Leg Cheeky Bikini Bottom - Wild Fable™ Orange,$15.00
1007,Lilo & Stitch Fluffy Slipper Socks with Grippers - Blue,$12.00
1008,High Waist Medium Coverage Bikini Bottom - Kona Sol™,$20.00
1009,Hanes Premium Women's 6pk Heel Toe Cushion with Arch Support Super No Show Socks - 5-9,$11.99
1010,Faux Leather Moto Jacket - Wild Fable™ Black,$42.00
1011,All Pro Women's 6pk No Show Double Tab Athletic Socks - 4-10,$11.99
1012,Seamless Crossover Waistband Bike Shorts - Colsie™,$15.00
1013,80D Super Opaque Tights - A New Day™ Black,$8.50
1014,10pk Cushioned Marled Heel/Toe No Show Athletic Socks - All in Motion™ White 4-10,$16.00
1015,Short Sleeve Lace-Up Back Fitted Romper - Wild Fable™,$22.00
1016,Long Sleeve Popover Top - A New Day™,$21.25
1017,Tall Triangle Bikini Top - Wild Fable™,$18.00
1018,Sweater Tank Top - A New Day™ Green,$18.00
1019,Short Sleeve Lace-Up Top - Knox Rose™,$28.00
1020,Maidenform Self Expressions Women's Side Smoothing Strapless Bra SE6900,$19.99
1021,Easy Seamless Cami - A New Day™,$12.00
1022,Lightly Lined Wirefree Lounge Bra - Auden™,$12.75 - $15.00
1023,Seamless Bodysuit - Colsie™,$15.00
1024,Hanes Premium Women's Pinstripe Perfect Tights - Black,$11.00
1025,Crochet Triangle Bikini Top - Wild Fable™ Peach,$24.00
1026,ASSETS by SPANX Women's All Over Faux Leather Leggings,$40.00
1027,Denim Lace-Front Corset Tank Top - Wild Fable™,$22.00
1028,Super-High Rise Distressed Mom Jeans - Wild Fable™ Light Wash,$22.00
1029,Colorblock Lightweight 3pk Liner Athletic Socks - All in Motion™ Assorted Color 4-10,$10.00
1030,Tie Back Tankini Top - Kona Sol™,$27.00 - $30.00
1031,Ruffle Cheeky Bikini Bottom - Shade & Shore™ Violet,$18.00
1032,Triangle Bikini Top - Wild Fable™ Purple Butterfly Print,$15.00
1033,Simply Perfect by Warner's Women's Underarm Smoothing Seamless Wireless Bra,$21.99
1034,2pk Cow Cozy Low Cut Socks - Purple 4-10,$7.00
1035,Ruffle Shoulder Plunge One Piece Swimsuit - Shade & Shore™ Ditsy Floral Print,$40.00
1036,Mid-Rise Tapered Fit Pants - Knox Rose™,$35.00
1037,High Leg Cheeky High Waist Bikini Bottom - Wild Fable™ Black,$20.00
1038,Fruit of the Loom Women's 6pk Comfort Supreme Briefs - Colors May Vary,$14.99
1039,Puff Short Sleeve Peasant Top - Universal Thread™,$25.00
1040,Sailor Moon Wide Leg Graphic Pants - Pink,$21.99
1041,High-Rise Slim Fit Bi-Stretch Ankle Pants - A New Day™,$24.65 - $29.00
1042,High-Rise Slim Fit Effortless Pintuck Ankle Pants - A New Day™,$30.00
1043,Black History Month Target x Sammy B Women's Long Sleeve Mesh Bodycon Dress - Pink Floral,$38.25
1044,ASSETS by SPANX Women's High-Waist Mid-Thigh Super Control Shaper,$24.00
1045,High-Rise Cargo Pants - Future Collective™ with Gabriella Karefa-Johnson,$36.00
1046,V-Neck Tunic Sweater - A New Day™,$22.50
1047,High-Rise Crochet Knit Flare Pants - Wild Fable™,$20.00
1048,High Neck Babydoll - Auden™,$25.00
1049,High-Rise Raw Hem Taper Denim Cropped Overalls - Universal Thread™,$40.00
1050,Woven Peek-a-Boo Tie-Front Maternity Dress - Isabel Maternity by Ingrid & Isabel™ Tan Floral,$32.00
1051,Monster High Cropped Short Sleeve Graphic T-Shirt - Black,$11.99
1052,3pk Cow Print Liner Socks - A New Day™ Ivory/Black/Brown 4-10,$6.00
1053,Long Sleeve Thermal Top - Knox Rose™,$20.00
1054,Crewneck Pullover Sweater - A New Day™,$21.25 - $25.00
1055,Maternity Jumpsuit - Isabel Maternity by Ingrid & Isabel™,$36.00
1056,Cushioned Active Accents 6pk No Show Athletic Socks - All in Motion™ 4-10,$14.00
1057,ASSETS by SPANX Women's Seamless Leggings - Black,$30.00
1058,Slim Fit Seamless Ribbed Tank Top - A New Day™,$14.40
1059,Long Sleeve Fit T-Shirt - A New Day™,$17.60
1060,U-Wire Halter Bandeau Bikini Top - Shade & Shore™ Floral Print,$23.00
1061,Maidenform Self Expressions Women's Multiway Push-Up Bra SE1102,$19.99
1062,Mesh Insert High Waist Bikini Bottom - Shade & Shore™ Black,$23.00
1063,Long Sleeve Twist Cut Out Dress - A New Day™,$38.00
1064,Sanrio Badtz Maru Graphic Sweatshirt - Green,$21.99
1065,Checkerboard Sheer Anklet Socks - A New Day™ Black 4-10,$4.00
1066,Over Belly Ponte Maternity Pants - Isabel Maternity by Ingrid & Isabel™,$27.99
1067,One Shoulder Seamless Ribbed Tank Top - A New Day™,$14.40
1068,Ruffle Extra Cheeky Bikini Bottom - Shade & Shore™ Black,$18.00
1069,All Pro Women's Extended Size Aqua FX 6pk No Show Athletic Socks - White 8-12,$11.99
1070,Hanes Premium Women's Cool & Comfortable Microfiber Briefs 4pk,$16.14 - $18.99
1071,Demon Slayer Short Sleeve Graphic T-Shirt - Black,$10.39
1072,High Waist Bikini Bottom - Kona Sol™,$23.00
1073,Double O-Ring with Lace-Up Back One Piece Swimsuit - Shade & Shore™ Off-White,$42.00
1074,High-Rise Skinny Utility Pants - Knox Rose™,$29.99
1075,6pk Lilo & Stitch Tie-Dye Low Cut Socks - Assorted Colors 4-10,$9.00
1076,Ruffle Detail Triangle Bikini Top - Wild Fable™ Orange Gingham,$20.00
1077,Hanes Premium 6 Pack Women's Comfort Soft Lightweight Low Cut Socks,$9.99
1078,Fine Gauge V-Neck Sweater - A New Day™,$17.60 - $22.00
1079,Star Wars 6pk Low Cut Socks - Assorted Colors 4-10,$9.00
1080,Balloon Long Sleeve Woven Dress - Ava & Viv™,$35.00
1081,High-Rise Slim Fit Kick Flare Pull-On Pants - A New Day™,$29.00
1082,Hanes® Premium Women's Smoothing Seamless 3pk Briefs - Colors May Vary,$18.99
1083,3pk Cushioned Tie-Dye and Striped Ankle Socks - Universal Thread™ 4-10,$7.00
1084,Hanes Performance Women's Cushioned 6pk Crew Athletic Socks - Black 5-9,$13.99
1085,Full-Zip Windbreaker Jacket - All in Motion™,$40.00
1086,Mid-Rise French Terry Acid Wash Jogger Pants - JoyLab™,$28.90 - $34.00
1087,Jockey Generation™ Women's Slimming Tank Undershirt,$18.00
1088,Ribbed Sweater Skirt - A New Day™,$25.00
1089,Side-Tie Adjustable Coverage Ultra High Leg Bikini Bottom - Wild Fable™ Floral Print,$15.00
1090,Crossover V-Waistband Leggings - A New Day™ Black,$20.00
1091,Light Support Brushed Strappy Crop Sports Bra - All in Motion™,$20.00
1092,Animal Yogis 3pk Liner Socks - Xhilaration™ Blue/White/Gray 4-10,$6.00
1093,Cozy Hacci Leggings with Pockets - A New Day™,$18.00
1094,Light Support Brushed Sculpt Halter Midline Sports Bra - All in Motion™,$16.00
1095,Split Swim Skirt - Aqua Green® Black,$26.00
1096,Scoop Front High Leg Cheeky Bikini Bottom - Wild Fable™ Light Green,$15.00
1097,Wide Ribbed Ring Medium Coverage One Piece Swimsuit - Kona Sol™,$40.00
1098,Hanes Women's Cotton Sporty 6pk Boy Shorts - Colors May Vary,$10.49
1099,Jockey Generation™ Women's Slimming Shorts,$14.00
1100,Summer Sloth and Panda 3pk Liner Socks - Xhilaration™ Mint/White/Heather Gray 4-10,$6.00
1101,Lucky Charms Oversized Short Sleeve Graphic T-Shirt - Tie-Dye,$13.59
1102,Striped Racerback Tankini Top - Kona Sol™ Navy Blue,$27.00
1103,Fruit of the Loom Women's Extended Size Cushioned 6pk Ankle Athletic Socks 8-12,$6.99
1104,Ruffle Triangle Bikini Top - Wild Fable™,$18.00
1105,Lightly Lined Strapless Bra - Auden™,$15.00
1106,Extended Size Active Accents Cushioned 4pk No Show Tab Athletic Socks - All in Motion™ 8-12,$12.00
1107,High Support Convertible Strap Sports Bra - All in Motion™,$12.43 - $24.00
1108,V-Neck Destructed Pullover Sweater - Wild Fable™,$22.40
1109,Chiffon Midi Skirt - Wild Fable™,$25.00
1110,Fishnet Anklet with Bow - A New Day™,$4.00
1111,Balloon Long Sleeve Shirtdress - Ava & Viv™,$35.00
1112,Seamless Ribbed Leggings - Colsie™,$17.00
1113,Super-High Rise Vintage Straight Jeans - Universal Thread™ Medium Wash,$32.00
1114,Denim Jacket - A New Day™ Blue,$32.30
1115,Wirefree Nursing Bra - Auden™,$14.44 - $16.99
1116,Flyaway Bandeau Tankini Top - Kona Sol™ Multi,$27.00 - $30.00
1117,Simplicity High-Rise Striped Leggings - All in Motion™,$20.40 - $24.00
1118,Faux Sarong Skirtini Bikini Bottom - Shade & Shore™ White,$24.00
1119,Double Tunnel Bikini Top - Kona Sol™,$20.00 - $23.00
1120,High-Rise Utility Pants - Universal Thread™,$24.99 - $35.00
1121,Cheeky Bikini Bottom - Wild Fable™ Peach Paisley Print,$15.00
1122,Super-High Rise Tapered Jeans - Wild Fable™ Black Denim,$25.00
1123,2pk Flowers & Mushrooms Cozy Liner Socks - Ivory 4-10,$7.00
1124,Simply Perfect by Warner's Women's Super Soft Wirefree Bra,$21.99
1125,Seamless Bikini 6pk - Auden™ Assorted,$10.00
1126,Unders by Proof Period Underwear Regular Absorbency Brief - Black,$29.99
1127,Mini A-Line Skirt - Wild Fable™,$18.00
1128,Mid-Rise Boyfriend Jeans - Universal Thread™ Light Wash,$36.00
1129,100% Cotton Gauze Sleep Dress - Stars Above™,$21.99
1130,Cropped Hooded Sweatshirt - Wild Fable™,$20.00
1131,Short Sleeve Slim Fit Scoop Neck T-Shirt - A New Day™,$4.00 - $4.25
1132,Jockey Generation™ Women's Retro Vibes Ribbed Pajama Shorts,$14.45 - $17.00
1133,Cushioned 4pk No Show Athletic Socks - All in Motion™ 4-10,$12.00
1134,Pucker Square Neck Wide Strap Bralette Bikini Top - Wild Fable™,$18.00
1135,6pk Nightmare Before Christmas Low Cut Socks - Assorted Colors 4-10,$9.00
1136,Hanes Premium Women's Cool & Comfortable Microfiber Bikini Panties 4pk,$16.14 - $18.99
1137,Pucker Textured Ring Detail Monokini One Piece Swimsuit - Shade & Shore™,$42.00
1138,Mommy & Me Matching Family Pajama Set - White,$27.00
1139,Side-Tie Pique Textured Cheeky Bikini Bottom - Shade & Shore™ Dark Green,$18.00
1140,Ribbed Square Neck Bralette Bikini Top - Wild Fable™,$18.00
1141,All Pro Women's 6pk Pack Aqua No Show Cush Athletic Socks - Gray 4-10,$11.99
1142,Easter Bunny Ears Premium Light Up - Spritz™,$5.00
1143,Lace Trim Sleep Cami - Colsie™,$8.00
1144,Cushioned Camo 6pk No Show Athletic Socks - All in Motion™ Assorted Colors 4-10,$14.00
1145,6pk Lettuce Edge Ankle Socks - A New Day™ 4-10,$9.00
1146,Ruched Ponte Mini Skirt - A New Day™ Black,$25.00
1147,French Terry Oversized Lounge Sweatshirt - Colsie™,$25.00
1148,Fruit of the Loom Women's Breathable Lightweight 6pk No Show Tab Athletic Socks 4-10,$10.99
1149,Mid-Waist Extra High Leg Cheeky Bikini Bottom - Wild Fable™,$15.00
1150,Strappy Lace-Up Peplum Tank Top - Wild Fable™,$20.00
1151,3pk Sunflower Liner Socks - A New Day™ Oatmeal Heather/Yellow 4-10,$6.00
1152,20D Sheer Thigh Highs - A New Day™ Black,$10.00
1153,High Leg Cheeky Bikini Bottom - Wild Fable™ Orange Gingham,$18.00
1154,Chicago Bulls NBA Graphic Slim Pants - Black,$16.99 - $24.99
1155,Lace Nursing Bralette - Auden™,$17.00
1156,Cushioned Marl Striped 6pk No Show Athletic Socks - All in Motion™ Assorted Colors 4-10,$14.00
1157,High-Rise Flare Jeans - Universal Thread™,$36.00
1158,2pk Hedgehog & Checkers Cozy Low Cut Socks - Pink 4-10,$7.00
1159,NBA Lakers Oversized Short Sleeve Graphic T-Shirt - White,$15.99
1160,Plus Size Balloon Long Sleeve Blouse - Ava & Viv™,$25.00
1161,2pk Cat Cozy Liner Socks - Gray 4-10,$7.00
1162,Plunge V-Neck Strappy Back Tankini Top - Kona Sol™,$30.00
1163,Drape Front Jacket - Knox Rose™,$40.00
1164,Ruffle Cheeky Bikini Bottom - Shade & Shore™ Purple Floral Print,$18.00
1165,Lace-Up Longline Bikini Top - Wild Fable™ Neon Green,$20.00
1166,Cross Front Cut Out Bodysuit - Wild Fable™,$13.60
1167,Hanes Performance Women's Extended Size Lightweight 6pk Liner Athletic Socks - Black/White 8-12,$13.99
1168,Hanes Premium Women's 6pk Cool Comfort Lightweight Crew Socks - 5-9,$11.99
1169,V-Neck Fuzzy Sweater Tank - A New Day™,$14.30
1170,2pk Harry Potter Cozy Ankle Socks - Red/Blue 4-10,$9.00
1171,Proof Underwear Heavy Absorbency Underwear - Black,$34.99
1172,Mesh Longline Bralette - Auden™,$15.00
1173,The Rolling Stones Short Sleeve Graphic T-Shirt,$11.04
1174,Super-High Rise Mom Taper Jeans - Wild Fable™ Black Wash,$18.70
1175,Lightweight Pebble Patterned 6pk No Show Athletic Socks - All in Motion™ - White/Heather Gray 4-10,$14.00
1176,High-Rise Midi Jean Shorts - Universal Thread™,$17.60
1177,Cotton Everyday Demi T-Shirt Bra - Auden™,$8.49 - $9.99
1178,Side-Tie Cheeky Bikini Bottom - Shade & Shore™ Multi Tropical Print,$20.00
1179,Cheeky Bikini Bottom - Shade & Shore™ Off-White,$18.00
1180,Satin and Mesh Bralette - Auden™,$12.75
1181,Ribbed Triangle Bikini Top - Wild Fable™ Geo Print,$18.00
1182,Lace and Mesh Bralette - Auden™,$15.00
1183,Floral 3pk Crew Socks - A New Day™ Ivory/Heather Brown 4-10,$5.99
1184,SmileyWorld Smile More Graphic Sweatshirt - Blue,$14.00
1185,Cushioned 6pk Low Cut Athletic Socks - All in Motion™ 4-10,$14.00
1186,"Risque Stickies Reusable Nipple Covers, 2Cover(s)",$14.95
1187,Short Sleeve Button-Front Fitted Polo T-Shirt - Wild Fable™,$12.00
1188,Care Bears Cropped Short Sleeve Graphic T-Shirt - Green,$10.39
1189,4pk Lightweight Random Feed No Show Athletic Socks - All in Motion™ Assorted Grays 4-10,$12.00
1190,Quilted Crew Sweatshirt - All in Motion™,$25.50
1191,Striped Racerback Tankini Top - Kona Sol™ Multi,$24.00 - $30.00
1192,Bishop 3/4 Sleeve Embroidered Top - Knox Rose™,$30.00
1193,High Leg Cheeky Bikini Bottom - Wild Fable™ Blue Marble Print,$15.00
1194,Cut Out One Shoulder Bikini Top - Wild Fable™,$18.00
1195,Hanes Performance Women's Extended Size Lightweight Textured Arch 6pk No Show Athletic Socks 8-12,$13.99
1196,Velour Tank and Shorts Pajama Set - Colsie™,$15.30
1197,Cropped Kick Flare Pull-On Pants - A New Day™,$24.65
1198,ASSETS by SPANX Women's Remarkable Results All-In-One Body Slimmer,$38.00
1199,Fruit of the Loom Women's 10pk Cotton Briefs - Colors May Vary,$15.49
1200,Balloon 3/4 Sleeve Woven Top - Knox Rose™,$30.00
1201,Hanes Premium Women's Back Seam Thigh High,$9.00
1202,Cotton Seamless Brami - Auden™,$12.75
1203,High-Rise Slim Straight Fit Ankle Pull-On Pants - A New Day™ Heather Gray,$21.25 - $25.00
1204,U-Neck Multi-Way Bralette Bikini Top - Wild Fable™ Black & White Check Print,$18.00
1205,Tie-Front Dolman Short Sleeve T-Shirt - Ava & Viv™,$14.40
1206,Super-High Rise Slim Straight Jeans - Wild Fable™ White,$25.00
1207,Pucker Texture Square Neck Bikini Top - Kona Sol™,$23.00
1208,Shades of Beauty Short Sleeve Graphic T-Shirt - Beige,$10.39
